system,dataset,k,a,b,phase,phase_idx,ops,time_ms,throughput,hash,rows
dynagox,/home/kassym/Downloads/wiki-Vote.txt,2,1,1,initial_load,0,2500,2.571,972572.294,4997505848471027102,301
dynagox,/home/kassym/Downloads/wiki-Vote.txt,2,1,1,updates,1,500,0.611,818057.473,13646744357804711093,305
dynagox,/home/kassym/Downloads/wiki-Vote.txt,2,1,1,updates,2,500,0.538,929376.667,3451208747446286633,299
dynagox,/home/kassym/Downloads/wiki-Vote.txt,2,1,1,updates,3,500,0.572,874647.298,15042313618749975167,285
dynagox,/home/kassym/Downloads/wiki-Vote.txt,2,1,1,updates,4,500,0.554,901945.858,4436697905875567388,290
dynagox,/home/kassym/Downloads/wiki-Vote.txt,2,1,1,updates,5,500,0.569,878449.010,6231160709255051800,285
dynagox,/home/kassym/Downloads/wiki-Vote.txt,2,1,1,updates,6,500,0.563,888743.530,388363043672611182,281
dynagox,/home/kassym/Downloads/wiki-Vote.txt,2,1,1,updates,7,500,0.544,918987.570,16408149378692860427,288
dynagox,/home/kassym/Downloads/wiki-Vote.txt,2,1,1,updates,8,500,0.578,865695.933,18058137140625341488,291
dynagox,/home/kassym/Downloads/wiki-Vote.txt,2,1,1,updates,9,500,0.591,845900.597,4660088706359687634,281
dynagox,/home/kassym/Downloads/wiki-Vote.txt,2,1,1,updates,10,500,0.583,857247.686,9203225422150994116,285
dynagox,/home/kassym/Downloads/wiki-Vote.txt,2,1,2,initial_load,0,2500,1.897,1317778.626,3247291887661130760,350
dynagox,/home/kassym/Downloads/wiki-Vote.txt,2,1,2,updates,1,500,0.571,875091.228,11714132845587693913,356
dynagox,/home/kassym/Downloads/wiki-Vote.txt,2,1,2,updates,2,500,0.650,769577.671,7661164425850038153,346
dynagox,/home/kassym/Downloads/wiki-Vote.txt,2,1,2,updates,3,500,0.649,770730.730,7663935027731004332,336
dynagox,/home/kassym/Downloads/wiki-Vote.txt,2,1,2,updates,4,500,0.470,1063042.683,7059399840374394590,337
dynagox,/home/kassym/Downloads/wiki-Vote.txt,2,1,2,updates,5,500,0.440,1136596.122,12750917626717065453,334
dynagox,/home/kassym/Downloads/wiki-Vote.txt,2,1,2,updates,6,500,0.421,1188060.468,2942719399428690635,333
dynagox,/home/kassym/Downloads/wiki-Vote.txt,2,1,2,updates,7,500,0.426,1173364.623,15260216469815730500,337
dynagox,/home/kassym/Downloads/wiki-Vote.txt,2,1,2,updates,8,500,0.464,1076688.193,14223196523495059528,342
dynagox,/home/kassym/Downloads/wiki-Vote.txt,2,1,2,updates,9,500,0.397,1259985.384,1278070777487113131,331
dynagox,/home/kassym/Downloads/wiki-Vote.txt,2,1,2,updates,10,500,0.410,1218546.274,11330159333239573691,330
dynagox,/home/kassym/Downloads/wiki-Vote.txt,2,1,3,initial_load,0,2500,1.770,1412683.981,18066917280552027886,742
dynagox,/home/kassym/Downloads/wiki-Vote.txt,2,1,3,updates,1,500,0.503,993068.383,5455007563280726175,723
dynagox,/home/kassym/Downloads/wiki-Vote.txt,2,1,3,updates,2,500,0.444,1125900.439,4995722764091102736,699
dynagox,/home/kassym/Downloads/wiki-Vote.txt,2,1,3,updates,3,500,0.440,1136593.538,843995990975904181,712
dynagox,/home/kassym/Downloads/wiki-Vote.txt,2,1,3,updates,4,500,0.421,1188198.809,15167038543320491374,676
dynagox,/home/kassym/Downloads/wiki-Vote.txt,2,1,3,updates,5,500,0.399,1254223.598,11690156240416338403,642
dynagox,/home/kassym/Downloads/wiki-Vote.txt,2,1,3,updates,6,500,0.400,1251301.353,97647110569052451,664
dynagox,/home/kassym/Downloads/wiki-Vote.txt,2,1,3,updates,7,500,0.399,1252401.480,14716401467625326836,670
dynagox,/home/kassym/Downloads/wiki-Vote.txt,2,1,3,updates,8,500,0.397,1258114.841,11863726119208858598,645
dynagox,/home/kassym/Downloads/wiki-Vote.txt,2,1,3,updates,9,500,0.379,1317602.911,13255015871008347480,616
dynagox,/home/kassym/Downloads/wiki-Vote.txt,2,1,3,updates,10,500,0.369,1356719.561,5898534788433583925,617
dynagox,/home/kassym/Downloads/wiki-Vote.txt,2,2,2,initial_load,0,2500,1.677,1490671.082,16383323890034458929,201
dynagox,/home/kassym/Downloads/wiki-Vote.txt,2,2,2,updates,1,500,0.446,1121699.959,3800008530151157405,211
dynagox,/home/kassym/Downloads/wiki-Vote.txt,2,2,2,updates,2,500,0.459,1090070.331,847072043802375055,205
dynagox,/home/kassym/Downloads/wiki-Vote.txt,2,2,2,updates,3,500,0.486,1028728.266,15003162847272917952,203
dynagox,/home/kassym/Downloads/wiki-Vote.txt,2,2,2,updates,4,500,0.463,1080233.244,1103181955099301860,203
dynagox,/home/kassym/Downloads/wiki-Vote.txt,2,2,2,updates,5,500,0.579,864271.367,6178558279829174642,203
dynagox,/home/kassym/Downloads/wiki-Vote.txt,2,2,2,updates,6,500,0.514,973179.182,16438578778257138752,199
dynagox,/home/kassym/Downloads/wiki-Vote.txt,2,2,2,updates,7,500,0.538,928648.241,15299275925540612441,201
dynagox,/home/kassym/Downloads/wiki-Vote.txt,2,2,2,updates,8,500,0.520,960869.549,9257912745721753383,209
dynagox,/home/kassym/Downloads/wiki-Vote.txt,2,2,2,updates,9,500,0.510,980944.178,14126074534735242841,202
dynagox,/home/kassym/Downloads/wiki-Vote.txt,2,2,2,updates,10,500,0.498,1003510.279,11445422907089151359,199
dynagox,/home/kassym/Downloads/wiki-Vote.txt,2,2,3,initial_load,0,2500,1.586,1576257.775,13447771959110016141,384
dynagox,/home/kassym/Downloads/wiki-Vote.txt,2,2,3,updates,1,500,0.367,1360936.760,10412836284566093235,390
dynagox,/home/kassym/Downloads/wiki-Vote.txt,2,2,3,updates,2,500,0.356,1403300.000,3047022605367669334,375
dynagox,/home/kassym/Downloads/wiki-Vote.txt,2,2,3,updates,3,500,0.349,1432792.025,11043827524740704432,384
dynagox,/home/kassym/Downloads/wiki-Vote.txt,2,2,3,updates,4,500,0.371,1347559.973,17444144113975922325,379
dynagox,/home/kassym/Downloads/wiki-Vote.txt,2,2,3,updates,5,500,0.355,1409324.088,10711306941774729651,368
dynagox,/home/kassym/Downloads/wiki-Vote.txt,2,2,3,updates,6,500,0.348,1438281.886,13916664796637006800,369
dynagox,/home/kassym/Downloads/wiki-Vote.txt,2,2,3,updates,7,500,0.362,1382502.495,7834002617053128638,364
dynagox,/home/kassym/Downloads/wiki-Vote.txt,2,2,3,updates,8,500,0.345,1447672.432,3263922479078808114,371
dynagox,/home/kassym/Downloads/wiki-Vote.txt,2,2,3,updates,9,500,0.340,1470666.094,9377680210030203225,356
dynagox,/home/kassym/Downloads/wiki-Vote.txt,2,2,3,updates,10,500,0.345,1449519.050,13184390162583638317,357
dynagox,/home/kassym/Downloads/wiki-Vote.txt,2,3,3,initial_load,0,2500,1.515,1649924.334,1416607952619646709,331
dynagox,/home/kassym/Downloads/wiki-Vote.txt,2,3,3,updates,1,500,0.300,1667967.681,6813007277530622670,338
dynagox,/home/kassym/Downloads/wiki-Vote.txt,2,3,3,updates,2,500,0.299,1670034.570,17431689912839141550,325
dynagox,/home/kassym/Downloads/wiki-Vote.txt,2,3,3,updates,3,500,0.302,1657171.076,11438360923046168831,332
dynagox,/home/kassym/Downloads/wiki-Vote.txt,2,3,3,updates,4,500,0.297,1685544.768,5253849287109306367,330
dynagox,/home/kassym/Downloads/wiki-Vote.txt,2,3,3,updates,5,500,0.292,1711678.095,12746674351284239613,323
dynagox,/home/kassym/Downloads/wiki-Vote.txt,2,3,3,updates,6,500,0.296,1688738.479,5689939939119605852,325
dynagox,/home/kassym/Downloads/wiki-Vote.txt,2,3,3,updates,7,500,0.299,1674514.558,2699218656085478144,312
dynagox,/home/kassym/Downloads/wiki-Vote.txt,2,3,3,updates,8,500,0.289,1727437.933,10159228085072277978,319
dynagox,/home/kassym/Downloads/wiki-Vote.txt,2,3,3,updates,9,500,0.280,1786422.475,2994792708606603787,312
dynagox,/home/kassym/Downloads/wiki-Vote.txt,2,3,3,updates,10,500,0.284,1760650.173,8029896317167120813,309
dynagox,/home/kassym/Downloads/wiki-Vote.txt,3,1,1,initial_load,0,2500,1.545,1618021.393,18080507440267070069,59
dynagox,/home/kassym/Downloads/wiki-Vote.txt,3,1,1,updates,1,500,0.281,1780499.964,7696256305253700346,50
dynagox,/home/kassym/Downloads/wiki-Vote.txt,3,1,1,updates,2,500,0.269,1859026.316,7562257419517148585,40
dynagox,/home/kassym/Downloads/wiki-Vote.txt,3,1,1,updates,3,500,0.258,1935673.692,14574987434073928361,44
dynagox,/home/kassym/Downloads/wiki-Vote.txt,3,1,1,updates,4,500,0.249,2009565.532,15804434977681248241,41
dynagox,/home/kassym/Downloads/wiki-Vote.txt,3,1,1,updates,5,500,0.246,2035051.731,2164635393655033281,44
dynagox,/home/kassym/Downloads/wiki-Vote.txt,3,1,1,updates,6,500,0.240,2082873.365,13027053859420365704,50
dynagox,/home/kassym/Downloads/wiki-Vote.txt,3,1,1,updates,7,500,0.237,2108299.109,17790346106968748018,52
dynagox,/home/kassym/Downloads/wiki-Vote.txt,3,1,1,updates,8,500,0.240,2086968.136,15559402406380736157,47
dynagox,/home/kassym/Downloads/wiki-Vote.txt,3,1,1,updates,9,500,0.232,2157329.744,6128451232454817608,47
dynagox,/home/kassym/Downloads/wiki-Vote.txt,3,1,1,updates,10,500,0.228,2194811.466,9342770235013740861,53
dynagox,/home/kassym/Downloads/wiki-Vote.txt,3,1,2,initial_load,0,2500,1.358,1841167.624,466727115731332905,60
dynagox,/home/kassym/Downloads/wiki-Vote.txt,3,1,2,updates,1,500,0.269,1855776.475,15297128704382117848,50
dynagox,/home/kassym/Downloads/wiki-Vote.txt,3,1,2,updates,2,500,0.249,2011182.173,1573738126468181665,40
dynagox,/home/kassym/Downloads/wiki-Vote.txt,3,1,2,updates,3,500,0.251,1988427.353,3466430262909671952,44
dynagox,/home/kassym/Downloads/wiki-Vote.txt,3,1,2,updates,4,500,0.255,1961622.811,12800895931770101271,41
dynagox,/home/kassym/Downloads/wiki-Vote.txt,3,1,2,updates,5,500,0.277,1806208.299,13277954077419718411,44
dynagox,/home/kassym/Downloads/wiki-Vote.txt,3,1,2,updates,6,500,0.273,1834424.816,9054823595342089071,50
dynagox,/home/kassym/Downloads/wiki-Vote.txt,3,1,2,updates,7,500,0.281,1779802.798,8662522246324421181,52
dynagox,/home/kassym/Downloads/wiki-Vote.txt,3,1,2,updates,8,500,0.288,1735303.713,2113596053411929022,48
dynagox,/home/kassym/Downloads/wiki-Vote.txt,3,1,2,updates,9,500,0.276,1814026.049,17338680748592016424,48
dynagox,/home/kassym/Downloads/wiki-Vote.txt,3,1,2,updates,10,500,0.265,1887148.519,16251407709973656380,53
dynagox,/home/kassym/Downloads/wiki-Vote.txt,3,1,3,initial_load,0,2500,1.397,1789898.813,4458235118273447078,67
dynagox,/home/kassym/Downloads/wiki-Vote.txt,3,1,3,updates,1,500,0.267,1875658.825,4295916054862289395,57
dynagox,/home/kassym/Downloads/wiki-Vote.txt,3,1,3,updates,2,500,0.258,1938007.031,11450934676066350486,43
dynagox,/home/kassym/Downloads/wiki-Vote.txt,3,1,3,updates,3,500,0.270,1849796.522,12583121416146900202,50
dynagox,/home/kassym/Downloads/wiki-Vote.txt,3,1,3,updates,4,500,0.265,1889294.877,15352577420552258922,44
dynagox,/home/kassym/Downloads/wiki-Vote.txt,3,1,3,updates,5,500,0.261,1916942.706,11142277790176215711,49
dynagox,/home/kassym/Downloads/wiki-Vote.txt,3,1,3,updates,6,500,0.259,1930733.022,12487164717985611667,55
dynagox,/home/kassym/Downloads/wiki-Vote.txt,3,1,3,updates,7,500,0.280,1784764.536,13104479479422546703,59
dynagox,/home/kassym/Downloads/wiki-Vote.txt,3,1,3,updates,8,500,0.260,1922404.082,8888210477320671226,55
dynagox,/home/kassym/Downloads/wiki-Vote.txt,3,1,3,updates,9,500,0.254,1967419.533,6635000435493050371,54
dynagox,/home/kassym/Downloads/wiki-Vote.txt,3,1,3,updates,10,500,0.262,1906468.648,6342777254306443840,58
dynagox,/home/kassym/Downloads/wiki-Vote.txt,3,1,4,initial_load,0,2500,1.567,1595897.140,14193330309487653680,160
dynagox,/home/kassym/Downloads/wiki-Vote.txt,3,1,4,updates,1,500,0.296,1688225.304,16717258664858869288,140
dynagox,/home/kassym/Downloads/wiki-Vote.txt,3,1,4,updates,2,500,0.268,1865212.298,14754156971615721625,107
dynagox,/home/kassym/Downloads/wiki-Vote.txt,3,1,4,updates,3,500,0.277,1804513.449,6399424282020809372,119
dynagox,/home/kassym/Downloads/wiki-Vote.txt,3,1,4,updates,4,500,0.267,1871649.747,2672148129262216674,114
dynagox,/home/kassym/Downloads/wiki-Vote.txt,3,1,4,updates,5,500,0.275,1816002.615,4822073095271954623,140
dynagox,/home/kassym/Downloads/wiki-Vote.txt,3,1,4,updates,6,500,0.273,1829310.679,5311383203667468681,130
dynagox,/home/kassym/Downloads/wiki-Vote.txt,3,1,4,updates,7,500,0.276,1811587.639,16743025017539322119,122
dynagox,/home/kassym/Downloads/wiki-Vote.txt,3,1,4,updates,8,500,0.265,1886223.027,13184122677655311893,108
dynagox,/home/kassym/Downloads/wiki-Vote.txt,3,1,4,updates,9,500,0.265,1889723.307,603468851169431721,88
dynagox,/home/kassym/Downloads/wiki-Vote.txt,3,1,4,updates,10,500,0.253,1973406.376,5622722040741227056,82
dynagox,/home/kassym/Downloads/wiki-Vote.txt,3,2,2,initial_load,0,2500,1.578,1583982.766,8325086560013483540,41
dynagox,/home/kassym/Downloads/wiki-Vote.txt,3,2,2,updates,1,500,0.331,1511784.359,1841357758367859047,32
dynagox,/home/kassym/Downloads/wiki-Vote.txt,3,2,2,updates,2,500,0.331,1512017.515,7716978177099309995,27
dynagox,/home/kassym/Downloads/wiki-Vote.txt,3,2,2,updates,3,500,0.337,1482197.328,8661736540999048659,30
dynagox,/home/kassym/Downloads/wiki-Vote.txt,3,2,2,updates,4,500,0.326,1534754.516,6794881994678024019,28
dynagox,/home/kassym/Downloads/wiki-Vote.txt,3,2,2,updates,5,500,0.330,1513848.688,14589788291687258682,33
dynagox,/home/kassym/Downloads/wiki-Vote.txt,3,2,2,updates,6,500,0.336,1488294.563,13528304076987862723,37
dynagox,/home/kassym/Downloads/wiki-Vote.txt,3,2,2,updates,7,500,0.333,1501100.307,17004833336896493402,38
dynagox,/home/kassym/Downloads/wiki-Vote.txt,3,2,2,updates,8,500,0.330,1516884.441,7336847672638438521,37
dynagox,/home/kassym/Downloads/wiki-Vote.txt,3,2,2,updates,9,500,0.333,1499569.624,7774146860403396633,37
dynagox,/home/kassym/Downloads/wiki-Vote.txt,3,2,2,updates,10,500,0.346,1444443.802,12530812952055411089,38
dynagox,/home/kassym/Downloads/wiki-Vote.txt,3,2,3,initial_load,0,2500,1.856,1347176.560,16596354308123965718,46
dynagox,/home/kassym/Downloads/wiki-Vote.txt,3,2,3,updates,1,500,0.406,1232115.839,8292570774717730173,37
dynagox,/home/kassym/Downloads/wiki-Vote.txt,3,2,3,updates,2,500,0.361,1384496.957,16304458092618792224,29
dynagox,/home/kassym/Downloads/wiki-Vote.txt,3,2,3,updates,3,500,0.347,1440067.280,8337573949699564007,35
dynagox,/home/kassym/Downloads/wiki-Vote.txt,3,2,3,updates,4,500,0.346,1445533.734,11627665750345574497,30
dynagox,/home/kassym/Downloads/wiki-Vote.txt,3,2,3,updates,5,500,0.341,1464883.805,13221562426525175982,38
dynagox,/home/kassym/Downloads/wiki-Vote.txt,3,2,3,updates,6,500,0.331,1512333.076,3412527254562386092,42
dynagox,/home/kassym/Downloads/wiki-Vote.txt,3,2,3,updates,7,500,0.321,1555659.958,4127774861899566795,44
dynagox,/home/kassym/Downloads/wiki-Vote.txt,3,2,3,updates,8,500,0.319,1568125.651,3425439198416600872,43
dynagox,/home/kassym/Downloads/wiki-Vote.txt,3,2,3,updates,9,500,0.315,1587483.014,7899662207432498345,43
dynagox,/home/kassym/Downloads/wiki-Vote.txt,3,2,3,updates,10,500,0.320,1562773.485,11971985542830822002,43
dynagox,/home/kassym/Downloads/wiki-Vote.txt,3,2,4,initial_load,0,2500,1.579,1582847.505,1881132341562946505,99
dynagox,/home/kassym/Downloads/wiki-Vote.txt,3,2,4,updates,1,500,0.285,1755944.751,14036337619166025425,80
dynagox,/home/kassym/Downloads/wiki-Vote.txt,3,2,4,updates,2,500,0.275,1817990.103,9826651208257761074,69
dynagox,/home/kassym/Downloads/wiki-Vote.txt,3,2,4,updates,3,500,0.296,1688219.604,863509635544566726,77
dynagox,/home/kassym/Downloads/wiki-Vote.txt,3,2,4,updates,4,500,0.268,1864169.177,7751419766930581301,74
dynagox,/home/kassym/Downloads/wiki-Vote.txt,3,2,4,updates,5,500,0.288,1737118.399,523485275451790329,93
dynagox,/home/kassym/Downloads/wiki-Vote.txt,3,2,4,updates,6,500,0.295,1693612.034,6804346258594600494,98
dynagox,/home/kassym/Downloads/wiki-Vote.txt,3,2,4,updates,7,500,0.277,1805816.897,1632413193872199301,97
dynagox,/home/kassym/Downloads/wiki-Vote.txt,3,2,4,updates,8,500,0.287,1739475.305,8473911012563851242,86
dynagox,/home/kassym/Downloads/wiki-Vote.txt,3,2,4,updates,9,500,0.272,1839222.524,8010018989847940448,73
dynagox,/home/kassym/Downloads/wiki-Vote.txt,3,2,4,updates,10,500,0.285,1754829.290,3300862524115151709,61
dynagox,/home/kassym/Downloads/wiki-Vote.txt,3,3,3,initial_load,0,2500,1.584,1578322.685,17966070088194368824,42
dynagox,/home/kassym/Downloads/wiki-Vote.txt,3,3,3,updates,1,500,0.323,1549474.728,3063484154012180387,35
dynagox,/home/kassym/Downloads/wiki-Vote.txt,3,3,3,updates,2,500,0.320,1561012.160,7016385399632518398,26
dynagox,/home/kassym/Downloads/wiki-Vote.txt,3,3,3,updates,3,500,0.323,1546355.086,14678773782691425525,32
dynagox,/home/kassym/Downloads/wiki-Vote.txt,3,3,3,updates,4,500,0.314,1592442.903,14745001626281061889,27
dynagox,/home/kassym/Downloads/wiki-Vote.txt,3,3,3,updates,5,500,0.317,1579040.449,17781389810798028251,33
dynagox,/home/kassym/Downloads/wiki-Vote.txt,3,3,3,updates,6,500,0.326,1533855.253,16812525113890949358,36
dynagox,/home/kassym/Downloads/wiki-Vote.txt,3,3,3,updates,7,500,0.326,1535555.794,4881158161086781674,39
dynagox,/home/kassym/Downloads/wiki-Vote.txt,3,3,3,updates,8,500,0.330,1515780.794,15920767413868205820,37
dynagox,/home/kassym/Downloads/wiki-Vote.txt,3,3,3,updates,9,500,0.336,1489895.529,1272033910313342981,39
dynagox,/home/kassym/Downloads/wiki-Vote.txt,3,3,3,updates,10,500,0.323,1546790.410,17533504151873785838,40
dynagox,/home/kassym/Downloads/wiki-Vote.txt,3,3,4,initial_load,0,2500,1.566,1596662.592,7815685172898746905,92
dynagox,/home/kassym/Downloads/wiki-Vote.txt,3,3,4,updates,1,500,0.263,1900078.663,12247776991956055326,76
dynagox,/home/kassym/Downloads/wiki-Vote.txt,3,3,4,updates,2,500,0.253,1972713.428,10417224583947373747,64
dynagox,/home/kassym/Downloads/wiki-Vote.txt,3,3,4,updates,3,500,0.250,1996781.189,12295129151394342737,72
dynagox,/home/kassym/Downloads/wiki-Vote.txt,3,3,4,updates,4,500,0.244,2051441.959,17813488324127036916,65
dynagox,/home/kassym/Downloads/wiki-Vote.txt,3,3,4,updates,5,500,0.252,1986847.072,18205673666115398264,81
dynagox,/home/kassym/Downloads/wiki-Vote.txt,3,3,4,updates,6,500,0.256,1955164.175,12771663162894539442,86
dynagox,/home/kassym/Downloads/wiki-Vote.txt,3,3,4,updates,7,500,0.245,2043719.242,9946551533848823944,87
dynagox,/home/kassym/Downloads/wiki-Vote.txt,3,3,4,updates,8,500,0.241,2075248.511,6808879099299321181,75
dynagox,/home/kassym/Downloads/wiki-Vote.txt,3,3,4,updates,9,500,0.243,2053809.817,15420859030044718313,67
dynagox,/home/kassym/Downloads/wiki-Vote.txt,3,3,4,updates,10,500,0.233,2146475.487,3032199326318680311,58
dynagox,/home/kassym/Downloads/wiki-Vote.txt,3,4,4,initial_load,0,2500,1.511,1654125.090,14703564150644900992,85
dynagox,/home/kassym/Downloads/wiki-Vote.txt,3,4,4,updates,1,500,0.245,2040458.205,16299440227597306092,72
dynagox,/home/kassym/Downloads/wiki-Vote.txt,3,4,4,updates,2,500,0.242,2070084.791,1784267890598518644,62
dynagox,/home/kassym/Downloads/wiki-Vote.txt,3,4,4,updates,3,500,0.239,2089322.725,7433263139360263278,70
dynagox,/home/kassym/Downloads/wiki-Vote.txt,3,4,4,updates,4,500,0.238,2101458.412,3206312674087405562,64
dynagox,/home/kassym/Downloads/wiki-Vote.txt,3,4,4,updates,5,500,0.235,2124098.320,7114596780264503738,79
dynagox,/home/kassym/Downloads/wiki-Vote.txt,3,4,4,updates,6,500,0.241,2078881.063,6351227554102082931,84
dynagox,/home/kassym/Downloads/wiki-Vote.txt,3,4,4,updates,7,500,0.233,2144348.997,8961948656022629289,84
dynagox,/home/kassym/Downloads/wiki-Vote.txt,3,4,4,updates,8,500,0.236,2121565.715,15630977542732093034,74
dynagox,/home/kassym/Downloads/wiki-Vote.txt,3,4,4,updates,9,500,0.231,2159855.203,14946012679687656717,65
dynagox,/home/kassym/Downloads/wiki-Vote.txt,3,4,4,updates,10,500,0.222,2249313.959,8069440023520929759,57
dynagox,/home/kassym/Downloads/wiki-Vote.txt,4,1,1,initial_load,0,2500,1.387,1802583.896,3570244961962224214,2
dynagox,/home/kassym/Downloads/wiki-Vote.txt,4,1,1,updates,1,500,0.229,2186633.546,6978802956500056968,4
dynagox,/home/kassym/Downloads/wiki-Vote.txt,4,1,1,updates,2,500,0.218,2292295.138,6761304435944836186,8
dynagox,/home/kassym/Downloads/wiki-Vote.txt,4,1,1,updates,3,500,0.216,2314193.411,12903111164871542602,10
dynagox,/home/kassym/Downloads/wiki-Vote.txt,4,1,1,updates,4,500,0.211,2364412.751,6619463206082403846,9
dynagox,/home/kassym/Downloads/wiki-Vote.txt,4,1,1,updates,5,500,0.210,2379411.429,8440281954054834550,7
dynagox,/home/kassym/Downloads/wiki-Vote.txt,4,1,1,updates,6,500,0.258,1934243.459,9992943543226094854,5
dynagox,/home/kassym/Downloads/wiki-Vote.txt,4,1,1,updates,7,500,0.219,2283063.323,10611184518123695291,5
dynagox,/home/kassym/Downloads/wiki-Vote.txt,4,1,1,updates,8,500,0.217,2303510.550,12433274444600334634,5
dynagox,/home/kassym/Downloads/wiki-Vote.txt,4,1,1,updates,9,500,0.212,2355257.642,13780193189679941558,6
dynagox,/home/kassym/Downloads/wiki-Vote.txt,4,1,1,updates,10,500,0.224,2236916.277,16395930892019249026,5
dynagox,/home/kassym/Downloads/wiki-Vote.txt,4,1,2,initial_load,0,2500,1.354,1846030.702,5761708436934939116,2
dynagox,/home/kassym/Downloads/wiki-Vote.txt,4,1,2,updates,1,500,0.217,2301284.117,14760071608144511745,4
dynagox,/home/kassym/Downloads/wiki-Vote.txt,4,1,2,updates,2,500,0.219,2284638.547,12923569641825408157,8
dynagox,/home/kassym/Downloads/wiki-Vote.txt,4,1,2,updates,3,500,0.224,2232910.420,5838868939832714239,10
dynagox,/home/kassym/Downloads/wiki-Vote.txt,4,1,2,updates,4,500,0.212,2361275.089,16701168759141162567,9
dynagox,/home/kassym/Downloads/wiki-Vote.txt,4,1,2,updates,5,500,0.219,2278174.180,358560050904880376,7
dynagox,/home/kassym/Downloads/wiki-Vote.txt,4,1,2,updates,6,500,0.211,2374304.329,13561357951597670473,5
dynagox,/home/kassym/Downloads/wiki-Vote.txt,4,1,2,updates,7,500,0.209,2394246.148,5998139648276003470,5
dynagox,/home/kassym/Downloads/wiki-Vote.txt,4,1,2,updates,8,500,0.211,2366091.076,10261719468621832227,5
dynagox,/home/kassym/Downloads/wiki-Vote.txt,4,1,2,updates,9,500,0.215,2330719.820,12758428586889651465,6
dynagox,/home/kassym/Downloads/wiki-Vote.txt,4,1,2,updates,10,500,0.205,2434665.745,379233436999593138,5
dynagox,/home/kassym/Downloads/wiki-Vote.txt,4,1,3,initial_load,0,2500,1.335,1872995.894,4380603594099010032,2
dynagox,/home/kassym/Downloads/wiki-Vote.txt,4,1,3,updates,1,500,0.218,2291979.904,12733734597763535196,4
dynagox,/home/kassym/Downloads/wiki-Vote.txt,4,1,3,updates,2,500,0.217,2300754.648,15891834372016707793,8
dynagox,/home/kassym/Downloads/wiki-Vote.txt,4,1,3,updates,3,500,0.234,2141327.623,17230962450891959221,12
dynagox,/home/kassym/Downloads/wiki-Vote.txt,4,1,3,updates,4,500,0.226,2214182.280,11423820232533782412,11
dynagox,/home/kassym/Downloads/wiki-Vote.txt,4,1,3,updates,5,500,0.220,2271116.844,3919182674338152387,7
dynagox,/home/kassym/Downloads/wiki-Vote.txt,4,1,3,updates,6,500,0.216,2317959.083,10668109514201273298,5
dynagox,/home/kassym/Downloads/wiki-Vote.txt,4,1,3,updates,7,500,0.222,2248201.439,16360996222113186512,5
dynagox,/home/kassym/Downloads/wiki-Vote.txt,4,1,3,updates,8,500,0.224,2232511.620,8702442774432526335,5
dynagox,/home/kassym/Downloads/wiki-Vote.txt,4,1,3,updates,9,500,0.227,2201198.332,12084561467343659212,6
dynagox,/home/kassym/Downloads/wiki-Vote.txt,4,1,3,updates,10,500,0.215,2321834.063,10305632743639393602,5
dynagox,/home/kassym/Downloads/wiki-Vote.txt,4,1,4,initial_load,0,2500,1.519,1645843.455,9136702977872017800,3
dynagox,/home/kassym/Downloads/wiki-Vote.txt,4,1,4,updates,1,500,0.262,1910993.564,5699544726662622327,7
dynagox,/home/kassym/Downloads/wiki-Vote.txt,4,1,4,updates,2,500,0.265,1888146.218,16194213925576545064,10
dynagox,/home/kassym/Downloads/wiki-Vote.txt,4,1,4,updates,3,500,0.271,1845692.707,14057480702810538853,15
dynagox,/home/kassym/Downloads/wiki-Vote.txt,4,1,4,updates,4,500,0.287,1740807.665,14920760162428859077,14
dynagox,/home/kassym/Downloads/wiki-Vote.txt,4,1,4,updates,5,500,0.272,1841600.277,9103761757636079175,7
dynagox,/home/kassym/Downloads/wiki-Vote.txt,4,1,4,updates,6,500,0.266,1880887.177,7993785878082583888,5
dynagox,/home/kassym/Downloads/wiki-Vote.txt,4,1,4,updates,7,500,0.277,1805621.260,1271977187725664446,5
dynagox,/home/kassym/Downloads/wiki-Vote.txt,4,1,4,updates,8,500,0.263,1901603.432,4367863616653814401,5
dynagox,/home/kassym/Downloads/wiki-Vote.txt,4,1,4,updates,9,500,0.259,1928417.155,16905478514752382397,7
dynagox,/home/kassym/Downloads/wiki-Vote.txt,4,1,4,updates,10,500,0.267,1874245.616,11779568178712781985,6
dynagox,/home/kassym/Downloads/wiki-Vote.txt,4,1,5,initial_load,0,2500,1.482,1686946.007,8873830558909631969,4
dynagox,/home/kassym/Downloads/wiki-Vote.txt,4,1,5,updates,1,500,0.239,2094056.648,6473035305509641048,10
dynagox,/home/kassym/Downloads/wiki-Vote.txt,4,1,5,updates,2,500,0.242,2062893.497,11895164671219393835,12
dynagox,/home/kassym/Downloads/wiki-Vote.txt,4,1,5,updates,3,500,0.239,2088799.024,5869439837579233997,20
dynagox,/home/kassym/Downloads/wiki-Vote.txt,4,1,5,updates,4,500,0.242,2067166.370,10364335101812080744,16
dynagox,/home/kassym/Downloads/wiki-Vote.txt,4,1,5,updates,5,500,0.235,2124630.845,10454830543530994234,7
dynagox,/home/kassym/Downloads/wiki-Vote.txt,4,1,5,updates,6,500,0.232,2154912.338,10804725563212145555,5
dynagox,/home/kassym/Downloads/wiki-Vote.txt,4,1,5,updates,7,500,0.229,2185104.579,6178149800975720500,6
dynagox,/home/kassym/Downloads/wiki-Vote.txt,4,1,5,updates,8,500,0.236,2119937.589,7378380225077298771,5
dynagox,/home/kassym/Downloads/wiki-Vote.txt,4,1,5,updates,9,500,0.236,2122466.306,5559704212213234480,11
dynagox,/home/kassym/Downloads/wiki-Vote.txt,4,1,5,updates,10,500,0.235,2123376.679,8119610492009324936,6
dynagox,/home/kassym/Downloads/wiki-Vote.txt,4,2,2,initial_load,0,2500,1.498,1668514.268,10290557074698366357,2
dynagox,/home/kassym/Downloads/wiki-Vote.txt,4,2,2,updates,1,500,0.291,1716561.384,7599564542550356078,4
dynagox,/home/kassym/Downloads/wiki-Vote.txt,4,2,2,updates,2,500,0.294,1702800.084,8873109752417555283,6
dynagox,/home/kassym/Downloads/wiki-Vote.txt,4,2,2,updates,3,500,0.292,1712616.158,9169619422982045562,7
dynagox,/home/kassym/Downloads/wiki-Vote.txt,4,2,2,updates,4,500,0.298,1676372.866,10380898389192283294,7
dynagox,/home/kassym/Downloads/wiki-Vote.txt,4,2,2,updates,5,500,0.302,1657000.829,11518579543644050938,5
dynagox,/home/kassym/Downloads/wiki-Vote.txt,4,2,2,updates,6,500,0.308,1621576.042,16595509808641749606,4
dynagox,/home/kassym/Downloads/wiki-Vote.txt,4,2,2,updates,7,500,0.308,1625699.051,6786876580776698247,4
dynagox,/home/kassym/Downloads/wiki-Vote.txt,4,2,2,updates,8,500,0.330,1517252.680,8648865473398500,4
dynagox,/home/kassym/Downloads/wiki-Vote.txt,4,2,2,updates,9,500,0.296,1688909.606,9974276658490178692,5
dynagox,/home/kassym/Downloads/wiki-Vote.txt,4,2,2,updates,10,500,0.299,1673505.727,9255433570405058348,4
dynagox,/home/kassym/Downloads/wiki-Vote.txt,4,2,3,initial_load,0,2500,1.489,1679237.438,4831953682844066859,2
dynagox,/home/kassym/Downloads/wiki-Vote.txt,4,2,3,updates,1,500,0.260,1920484.269,7634924535299787801,4
dynagox,/home/kassym/Downloads/wiki-Vote.txt,4,2,3,updates,2,500,0.265,1884225.640,844201176664549725,6
dynagox,/home/kassym/Downloads/wiki-Vote.txt,4,2,3,updates,3,500,0.257,1943974.651,9920737213354845407,8
dynagox,/home/kassym/Downloads/wiki-Vote.txt,4,2,3,updates,4,500,0.256,1949591.366,5525117479782806971,8
dynagox,/home/kassym/Downloads/wiki-Vote.txt,4,2,3,updates,5,500,0.284,1760836.186,14242544029453871677,5
dynagox,/home/kassym/Downloads/wiki-Vote.txt,4,2,3,updates,6,500,0.279,1789433.752,11197405339591376772,4
dynagox,/home/kassym/Downloads/wiki-Vote.txt,4,2,3,updates,7,500,0.259,1932905.002,14049216640664803198,4
dynagox,/home/kassym/Downloads/wiki-Vote.txt,4,2,3,updates,8,500,0.270,1854743.878,15956009266511291797,4
dynagox,/home/kassym/Downloads/wiki-Vote.txt,4,2,3,updates,9,500,0.257,1945336.057,12572394083188642780,5
dynagox,/home/kassym/Downloads/wiki-Vote.txt,4,2,3,updates,10,500,0.263,1904573.261,2499963378299627483,4
dynagox,/home/kassym/Downloads/wiki-Vote.txt,4,2,4,initial_load,0,2500,1.530,1634502.918,1047074298004410922,3
dynagox,/home/kassym/Downloads/wiki-Vote.txt,4,2,4,updates,1,500,0.273,1829183.526,3367967279558977989,7
dynagox,/home/kassym/Downloads/wiki-Vote.txt,4,2,4,updates,2,500,0.282,1775997.045,8200004220306517887,8
dynagox,/home/kassym/Downloads/wiki-Vote.txt,4,2,4,updates,3,500,0.284,1761891.002,11142624180568158867,10
dynagox,/home/kassym/Downloads/wiki-Vote.txt,4,2,4,updates,4,500,0.278,1797042.069,8656118468162870309,10
dynagox,/home/kassym/Downloads/wiki-Vote.txt,4,2,4,updates,5,500,0.279,1792069.733,7931994731792871007,5
dynagox,/home/kassym/Downloads/wiki-Vote.txt,4,2,4,updates,6,500,0.281,1779606.422,1389168490722597786,4
dynagox,/home/kassym/Downloads/wiki-Vote.txt,4,2,4,updates,7,500,0.277,1804057.687,4956820348173336088,4
dynagox,/home/kassym/Downloads/wiki-Vote.txt,4,2,4,updates,8,500,0.277,1807847.504,8436094432008275533,4
dynagox,/home/kassym/Downloads/wiki-Vote.txt,4,2,4,updates,9,500,0.273,1833819.295,6607877241344718856,6
dynagox,/home/kassym/Downloads/wiki-Vote.txt,4,2,4,updates,10,500,0.279,1794133.900,6617107136899188265,5
dynagox,/home/kassym/Downloads/wiki-Vote.txt,4,2,5,initial_load,0,2500,1.566,1595916.497,9580615242682901308,4
dynagox,/home/kassym/Downloads/wiki-Vote.txt,4,2,5,updates,1,500,0.265,1885504.618,9512080986291606879,10
dynagox,/home/kassym/Downloads/wiki-Vote.txt,4,2,5,updates,2,500,0.291,1719045.998,1126230303916448371,10
dynagox,/home/kassym/Downloads/wiki-Vote.txt,4,2,5,updates,3,500,0.269,1857990.101,15118748120587615153,14
dynagox,/home/kassym/Downloads/wiki-Vote.txt,4,2,5,updates,4,500,0.274,1822031.273,16303068009923244306,12
dynagox,/home/kassym/Downloads/wiki-Vote.txt,4,2,5,updates,5,500,0.268,1868984.207,688979719709356993,5
dynagox,/home/kassym/Downloads/wiki-Vote.txt,4,2,5,updates,6,500,0.257,1944496.298,11474106384645021785,4
dynagox,/home/kassym/Downloads/wiki-Vote.txt,4,2,5,updates,7,500,0.274,1822303.537,7897825580311350719,5
dynagox,/home/kassym/Downloads/wiki-Vote.txt,4,2,5,updates,8,500,0.264,1895533.365,3928085938431763636,4
dynagox,/home/kassym/Downloads/wiki-Vote.txt,4,2,5,updates,9,500,0.261,1915173.151,2936234878714011462,10
dynagox,/home/kassym/Downloads/wiki-Vote.txt,4,2,5,updates,10,500,0.260,1925446.704,7872677795402670291,5
dynagox,/home/kassym/Downloads/wiki-Vote.txt,4,3,3,initial_load,0,2500,1.524,1640552.354,18367515667946489171,2
dynagox,/home/kassym/Downloads/wiki-Vote.txt,4,3,3,updates,1,500,0.253,1973881.599,7359331626567763586,4
dynagox,/home/kassym/Downloads/wiki-Vote.txt,4,3,3,updates,2,500,0.257,1947078.409,12805927044334969437,4
dynagox,/home/kassym/Downloads/wiki-Vote.txt,4,3,3,updates,3,500,0.257,1948451.760,15467160236521590916,5
dynagox,/home/kassym/Downloads/wiki-Vote.txt,4,3,3,updates,4,500,0.261,1917523.480,8959715964122084732,5
dynagox,/home/kassym/Downloads/wiki-Vote.txt,4,3,3,updates,5,500,0.249,2009404.011,15949391472325726610,4
dynagox,/home/kassym/Downloads/wiki-Vote.txt,4,3,3,updates,6,500,0.249,2008758.186,17741284649724555688,4
dynagox,/home/kassym/Downloads/wiki-Vote.txt,4,3,3,updates,7,500,0.258,1940187.888,4053513374372558938,4
dynagox,/home/kassym/Downloads/wiki-Vote.txt,4,3,3,updates,8,500,0.261,1912170.198,12680684321733948919,4
dynagox,/home/kassym/Downloads/wiki-Vote.txt,4,3,3,updates,9,500,0.252,1984158.479,11342346986820392668,5
dynagox,/home/kassym/Downloads/wiki-Vote.txt,4,3,3,updates,10,500,0.249,2009323.260,2311591364246001744,4
dynagox,/home/kassym/Downloads/wiki-Vote.txt,4,3,4,initial_load,0,2500,1.498,1669116.930,16935325537260915956,3
dynagox,/home/kassym/Downloads/wiki-Vote.txt,4,3,4,updates,1,500,0.257,1943211.585,13397580202472265,7
dynagox,/home/kassym/Downloads/wiki-Vote.txt,4,3,4,updates,2,500,0.280,1785083.131,17495310462980947434,5
dynagox,/home/kassym/Downloads/wiki-Vote.txt,4,3,4,updates,3,500,0.254,1964713.741,4226073731517806443,6
dynagox,/home/kassym/Downloads/wiki-Vote.txt,4,3,4,updates,4,500,0.258,1940797.901,2391141291335662899,6
dynagox,/home/kassym/Downloads/wiki-Vote.txt,4,3,4,updates,5,500,0.263,1900150.872,14230213377684421824,4
dynagox,/home/kassym/Downloads/wiki-Vote.txt,4,3,4,updates,6,500,0.271,1844263.051,2343046663228694102,4
dynagox,/home/kassym/Downloads/wiki-Vote.txt,4,3,4,updates,7,500,0.265,1885298.443,13237439082833837214,4
dynagox,/home/kassym/Downloads/wiki-Vote.txt,4,3,4,updates,8,500,0.261,1915613.399,11043525336040527057,4
dynagox,/home/kassym/Downloads/wiki-Vote.txt,4,3,4,updates,9,500,0.280,1786237.398,625414235245363733,6
dynagox,/home/kassym/Downloads/wiki-Vote.txt,4,3,4,updates,10,500,0.290,1722249.395,4478026635983455795,5
dynagox,/home/kassym/Downloads/wiki-Vote.txt,4,3,5,initial_load,0,2500,1.549,1613928.852,10672230413085345888,4
dynagox,/home/kassym/Downloads/wiki-Vote.txt,4,3,5,updates,1,500,0.239,2094065.419,13740677841386860497,10
dynagox,/home/kassym/Downloads/wiki-Vote.txt,4,3,5,updates,2,500,0.240,2085314.382,4382169449414392396,7
dynagox,/home/kassym/Downloads/wiki-Vote.txt,4,3,5,updates,3,500,0.239,2090904.149,12208596613079814438,9
dynagox,/home/kassym/Downloads/wiki-Vote.txt,4,3,5,updates,4,500,0.239,2092645.606,10498584061497650620,8
dynagox,/home/kassym/Downloads/wiki-Vote.txt,4,3,5,updates,5,500,0.232,2153427.395,1671587706429209018,4
dynagox,/home/kassym/Downloads/wiki-Vote.txt,4,3,5,updates,6,500,0.226,2211733.690,12501437861733899531,4
dynagox,/home/kassym/Downloads/wiki-Vote.txt,4,3,5,updates,7,500,0.243,2057452.298,17682243357778521305,5
dynagox,/home/kassym/Downloads/wiki-Vote.txt,4,3,5,updates,8,500,0.235,2124910.754,13257009398689653680,4
dynagox,/home/kassym/Downloads/wiki-Vote.txt,4,3,5,updates,9,500,0.231,2163134.988,5541471007212958359,10
dynagox,/home/kassym/Downloads/wiki-Vote.txt,4,3,5,updates,10,500,0.228,2190570.907,11307779016853428831,5
dynagox,/home/kassym/Downloads/wiki-Vote.txt,4,4,4,initial_load,0,2500,1.538,1625610.254,14486173535068101067,3
dynagox,/home/kassym/Downloads/wiki-Vote.txt,4,4,4,updates,1,500,0.346,1445575.527,4885824843130491048,7
dynagox,/home/kassym/Downloads/wiki-Vote.txt,4,4,4,updates,2,500,0.328,1525701.975,17328494428858118207,5
dynagox,/home/kassym/Downloads/wiki-Vote.txt,4,4,4,updates,3,500,0.312,1603602.332,730962547094896931,6
dynagox,/home/kassym/Downloads/wiki-Vote.txt,4,4,4,updates,4,500,0.323,1550007.905,3723376958828514095,6
dynagox,/home/kassym/Downloads/wiki-Vote.txt,4,4,4,updates,5,500,0.312,1600819.620,9826332532768591660,4
dynagox,/home/kassym/Downloads/wiki-Vote.txt,4,4,4,updates,6,500,0.300,1665905.903,5738839876124908210,4
dynagox,/home/kassym/Downloads/wiki-Vote.txt,4,4,4,updates,7,500,0.312,1600256.041,15346701669920427721,4
dynagox,/home/kassym/Downloads/wiki-Vote.txt,4,4,4,updates,8,500,0.301,1658765.414,12226828629601629058,4
dynagox,/home/kassym/Downloads/wiki-Vote.txt,4,4,4,updates,9,500,0.299,1674408.013,73491234376205896,6
dynagox,/home/kassym/Downloads/wiki-Vote.txt,4,4,4,updates,10,500,0.304,1645370.093,15158678660166888153,5
dynagox,/home/kassym/Downloads/wiki-Vote.txt,4,4,5,initial_load,0,2500,1.391,1796949.068,1491236908392157850,4
dynagox,/home/kassym/Downloads/wiki-Vote.txt,4,4,5,updates,1,500,0.224,2234407.189,3869236789034627823,10
dynagox,/home/kassym/Downloads/wiki-Vote.txt,4,4,5,updates,2,500,0.230,2177008.181,6763417314473856571,7
dynagox,/home/kassym/Downloads/wiki-Vote.txt,4,4,5,updates,3,500,0.220,2271436.684,9740410162026037443,9
dynagox,/home/kassym/Downloads/wiki-Vote.txt,4,4,5,updates,4,500,0.221,2263088.573,5824074255392344848,8
dynagox,/home/kassym/Downloads/wiki-Vote.txt,4,4,5,updates,5,500,0.213,2349712.395,15844021523745215786,4
dynagox,/home/kassym/Downloads/wiki-Vote.txt,4,4,5,updates,6,500,0.215,2328223.658,17938019835206580847,4
dynagox,/home/kassym/Downloads/wiki-Vote.txt,4,4,5,updates,7,500,0.219,2286519.140,15552907348977435124,5
dynagox,/home/kassym/Downloads/wiki-Vote.txt,4,4,5,updates,8,500,0.211,2367334.571,566730173614597203,4
dynagox,/home/kassym/Downloads/wiki-Vote.txt,4,4,5,updates,9,500,0.212,2363183.492,9688796196580977412,10
dynagox,/home/kassym/Downloads/wiki-Vote.txt,4,4,5,updates,10,500,0.213,2343643.804,7536855671847570849,5
dynagox,/home/kassym/Downloads/wiki-Vote.txt,4,5,5,initial_load,0,2500,1.402,1782609.998,15920777680422543873,4
dynagox,/home/kassym/Downloads/wiki-Vote.txt,4,5,5,updates,1,500,0.217,2303298.323,18024432056884974003,10
dynagox,/home/kassym/Downloads/wiki-Vote.txt,4,5,5,updates,2,500,0.219,2283480.389,8651782793542049429,7
dynagox,/home/kassym/Downloads/wiki-Vote.txt,4,5,5,updates,3,500,0.214,2341339.152,17527698633392371169,9
dynagox,/home/kassym/Downloads/wiki-Vote.txt,4,5,5,updates,4,500,0.225,2222370.380,16490311962780346826,8
dynagox,/home/kassym/Downloads/wiki-Vote.txt,4,5,5,updates,5,500,0.212,2356034.511,15798795614398306584,4
dynagox,/home/kassym/Downloads/wiki-Vote.txt,4,5,5,updates,6,500,0.212,2357478.629,6918951509249344815,4
dynagox,/home/kassym/Downloads/wiki-Vote.txt,4,5,5,updates,7,500,0.217,2309383.487,13239209899756634655,5
dynagox,/home/kassym/Downloads/wiki-Vote.txt,4,5,5,updates,8,500,0.209,2386919.680,636651122647947305,4
dynagox,/home/kassym/Downloads/wiki-Vote.txt,4,5,5,updates,9,500,0.216,2317636.752,15710730376205166169,10
dynagox,/home/kassym/Downloads/wiki-Vote.txt,4,5,5,updates,10,500,0.211,2371826.496,3754878398970656075,5
dynagox,/home/kassym/Downloads/wiki-Vote.txt,5,1,1,initial_load,0,2500,1.318,1897132.901,1469598103934665603,0
dynagox,/home/kassym/Downloads/wiki-Vote.txt,5,1,1,updates,1,500,0.216,2320013.363,1469598103934665603,0
dynagox,/home/kassym/Downloads/wiki-Vote.txt,5,1,1,updates,2,500,0.224,2227925.712,17905218173806665218,1
dynagox,/home/kassym/Downloads/wiki-Vote.txt,5,1,1,updates,3,500,0.212,2357600.905,17905218173806665218,1
dynagox,/home/kassym/Downloads/wiki-Vote.txt,5,1,1,updates,4,500,0.210,2377013.330,1469598103934665603,0
dynagox,/home/kassym/Downloads/wiki-Vote.txt,5,1,1,updates,5,500,0.273,1833214.174,1469598103934665603,0
dynagox,/home/kassym/Downloads/wiki-Vote.txt,5,1,1,updates,6,500,0.284,1763015.462,11219818421134071500,3
dynagox,/home/kassym/Downloads/wiki-Vote.txt,5,1,1,updates,7,500,0.282,1774106.560,2266175434201811683,4
dynagox,/home/kassym/Downloads/wiki-Vote.txt,5,1,1,updates,8,500,0.243,2059062.138,11219818421134071500,3
dynagox,/home/kassym/Downloads/wiki-Vote.txt,5,1,1,updates,9,500,0.248,2012809.520,732143711629178074,5
dynagox,/home/kassym/Downloads/wiki-Vote.txt,5,1,1,updates,10,500,0.242,2064094.255,1469598103934665603,0
dynagox,/home/kassym/Downloads/wiki-Vote.txt,5,1,2,initial_load,0,2500,1.423,1756744.317,1469598103934665603,0
dynagox,/home/kassym/Downloads/wiki-Vote.txt,5,1,2,updates,1,500,0.222,2248302.532,1469598103934665603,0
dynagox,/home/kassym/Downloads/wiki-Vote.txt,5,1,2,updates,2,500,0.221,2262064.722,10819758871136627381,1
dynagox,/home/kassym/Downloads/wiki-Vote.txt,5,1,2,updates,3,500,0.221,2258794.617,10819758871136627381,1
dynagox,/home/kassym/Downloads/wiki-Vote.txt,5,1,2,updates,4,500,0.232,2159295.551,1469598103934665603,0
dynagox,/home/kassym/Downloads/wiki-Vote.txt,5,1,2,updates,5,500,0.242,2064946.704,1469598103934665603,0
dynagox,/home/kassym/Downloads/wiki-Vote.txt,5,1,2,updates,6,500,0.237,2113208.823,749544406820014115,3
dynagox,/home/kassym/Downloads/wiki-Vote.txt,5,1,2,updates,7,500,0.233,2143154.123,6965113650890655705,4
dynagox,/home/kassym/Downloads/wiki-Vote.txt,5,1,2,updates,8,500,0.249,2009000.321,749544406820014115,3
dynagox,/home/kassym/Downloads/wiki-Vote.txt,5,1,2,updates,9,500,0.249,2006340.035,11029171476734458389,5
dynagox,/home/kassym/Downloads/wiki-Vote.txt,5,1,2,updates,10,500,0.231,2163696.632,1469598103934665603,0
dynagox,/home/kassym/Downloads/wiki-Vote.txt,5,1,3,initial_load,0,2500,1.449,1725177.797,1469598103934665603,0
dynagox,/home/kassym/Downloads/wiki-Vote.txt,5,1,3,updates,1,500,0.255,1960461.414,1469598103934665603,0
dynagox,/home/kassym/Downloads/wiki-Vote.txt,5,1,3,updates,2,500,0.261,1917449.945,13773983170948694375,1
dynagox,/home/kassym/Downloads/wiki-Vote.txt,5,1,3,updates,3,500,0.255,1958464.877,13773983170948694375,1
dynagox,/home/kassym/Downloads/wiki-Vote.txt,5,1,3,updates,4,500,0.264,1890509.265,1469598103934665603,0
dynagox,/home/kassym/Downloads/wiki-Vote.txt,5,1,3,updates,5,500,0.255,1964165.760,1469598103934665603,0
dynagox,/home/kassym/Downloads/wiki-Vote.txt,5,1,3,updates,6,500,0.255,1960307.690,16396997557908414656,3
dynagox,/home/kassym/Downloads/wiki-Vote.txt,5,1,3,updates,7,500,0.256,1949667.387,1535299018555512484,4
dynagox,/home/kassym/Downloads/wiki-Vote.txt,5,1,3,updates,8,500,0.274,1822768.567,16396997557908414656,3
dynagox,/home/kassym/Downloads/wiki-Vote.txt,5,1,3,updates,9,500,0.257,1946396.247,3590981510366327406,5
dynagox,/home/kassym/Downloads/wiki-Vote.txt,5,1,3,updates,10,500,0.246,2030498.081,1469598103934665603,0
dynagox,/home/kassym/Downloads/wiki-Vote.txt,5,1,4,initial_load,0,2500,1.455,1718014.690,1469598103934665603,0
dynagox,/home/kassym/Downloads/wiki-Vote.txt,5,1,4,updates,1,500,0.239,2088362.807,1469598103934665603,0
dynagox,/home/kassym/Downloads/wiki-Vote.txt,5,1,4,updates,2,500,0.233,2145554.411,15946352716050142530,1
dynagox,/home/kassym/Downloads/wiki-Vote.txt,5,1,4,updates,3,500,0.236,2119048.124,15946352716050142530,1
dynagox,/home/kassym/Downloads/wiki-Vote.txt,5,1,4,updates,4,500,0.228,2193838.823,1469598103934665603,0
dynagox,/home/kassym/Downloads/wiki-Vote.txt,5,1,4,updates,5,500,0.254,1967884.131,1469598103934665603,0
dynagox,/home/kassym/Downloads/wiki-Vote.txt,5,1,4,updates,6,500,0.237,2106167.701,8849625267865729834,3
dynagox,/home/kassym/Downloads/wiki-Vote.txt,5,1,4,updates,7,500,0.239,2089584.674,5389640224194798985,4
dynagox,/home/kassym/Downloads/wiki-Vote.txt,5,1,4,updates,8,500,0.239,2093968.951,8849625267865729834,3
dynagox,/home/kassym/Downloads/wiki-Vote.txt,5,1,4,updates,9,500,0.247,2025062.169,16475536664738241152,5
dynagox,/home/kassym/Downloads/wiki-Vote.txt,5,1,4,updates,10,500,0.229,2185295.583,1469598103934665603,0
dynagox,/home/kassym/Downloads/wiki-Vote.txt,5,1,5,initial_load,0,2500,1.572,1590504.814,1469598103934665603,0
dynagox,/home/kassym/Downloads/wiki-Vote.txt,5,1,5,updates,1,500,0.260,1923439.417,1469598103934665603,0
dynagox,/home/kassym/Downloads/wiki-Vote.txt,5,1,5,updates,2,500,0.258,1936280.869,1448350071278799316,1
dynagox,/home/kassym/Downloads/wiki-Vote.txt,5,1,5,updates,3,500,0.278,1797752.809,1448350071278799316,1
dynagox,/home/kassym/Downloads/wiki-Vote.txt,5,1,5,updates,4,500,0.263,1901892.764,1469598103934665603,0
dynagox,/home/kassym/Downloads/wiki-Vote.txt,5,1,5,updates,5,500,0.266,1876714.848,1469598103934665603,0
dynagox,/home/kassym/Downloads/wiki-Vote.txt,5,1,5,updates,6,500,0.264,1894097.235,14011530526654006124,3
dynagox,/home/kassym/Downloads/wiki-Vote.txt,5,1,5,updates,7,500,0.274,1825170.562,7456442249370554355,4
dynagox,/home/kassym/Downloads/wiki-Vote.txt,5,1,5,updates,8,500,0.275,1816801.049,14011530526654006124,3
dynagox,/home/kassym/Downloads/wiki-Vote.txt,5,1,5,updates,9,500,0.258,1935748.631,7827645851886787762,5
dynagox,/home/kassym/Downloads/wiki-Vote.txt,5,1,5,updates,10,500,0.263,1898051.840,1469598103934665603,0
dynagox,/home/kassym/Downloads/wiki-Vote.txt,5,2,2,initial_load,0,2500,1.419,1761792.913,1469598103934665603,0
dynagox,/home/kassym/Downloads/wiki-Vote.txt,5,2,2,updates,1,500,0.283,1765318.552,1469598103934665603,0
dynagox,/home/kassym/Downloads/wiki-Vote.txt,5,2,2,updates,2,500,0.271,1845897.124,12490090228723253155,1
dynagox,/home/kassym/Downloads/wiki-Vote.txt,5,2,2,updates,3,500,0.277,1805425.665,12490090228723253155,1
dynagox,/home/kassym/Downloads/wiki-Vote.txt,5,2,2,updates,4,500,0.270,1853712.430,1469598103934665603,0
dynagox,/home/kassym/Downloads/wiki-Vote.txt,5,2,2,updates,5,500,0.282,1770826.693,1469598103934665603,0
dynagox,/home/kassym/Downloads/wiki-Vote.txt,5,2,2,updates,6,500,0.269,1857506.929,18436696588093222300,1
dynagox,/home/kassym/Downloads/wiki-Vote.txt,5,2,2,updates,7,500,0.271,1843093.743,4086071938256335604,2
dynagox,/home/kassym/Downloads/wiki-Vote.txt,5,2,2,updates,8,500,0.289,1727676.689,18436696588093222300,1
dynagox,/home/kassym/Downloads/wiki-Vote.txt,5,2,2,updates,9,500,0.271,1843508.270,13403347559495515269,2
dynagox,/home/kassym/Downloads/wiki-Vote.txt,5,2,2,updates,10,500,0.265,1883728.728,1469598103934665603,0
dynagox,/home/kassym/Downloads/wiki-Vote.txt,5,2,3,initial_load,0,2500,1.468,1703309.394,1469598103934665603,0
dynagox,/home/kassym/Downloads/wiki-Vote.txt,5,2,3,updates,1,500,0.251,1995665.415,1469598103934665603,0
dynagox,/home/kassym/Downloads/wiki-Vote.txt,5,2,3,updates,2,500,0.249,2008024.064,997293613646650801,1
dynagox,/home/kassym/Downloads/wiki-Vote.txt,5,2,3,updates,3,500,0.254,1967032.535,997293613646650801,1
dynagox,/home/kassym/Downloads/wiki-Vote.txt,5,2,3,updates,4,500,0.248,2012647.477,1469598103934665603,0
dynagox,/home/kassym/Downloads/wiki-Vote.txt,5,2,3,updates,5,500,0.248,2017284.090,1469598103934665603,0
dynagox,/home/kassym/Downloads/wiki-Vote.txt,5,2,3,updates,6,500,0.244,2052629.418,13091696959755225845,1
dynagox,/home/kassym/Downloads/wiki-Vote.txt,5,2,3,updates,7,500,0.258,1934625.147,18388102007580702431,2
dynagox,/home/kassym/Downloads/wiki-Vote.txt,5,2,3,updates,8,500,0.254,1969124.134,13091696959755225845,1
dynagox,/home/kassym/Downloads/wiki-Vote.txt,5,2,3,updates,9,500,0.244,2049264.314,11959259350764516515,2
dynagox,/home/kassym/Downloads/wiki-Vote.txt,5,2,3,updates,10,500,0.241,2072753.653,1469598103934665603,0
dynagox,/home/kassym/Downloads/wiki-Vote.txt,5,2,4,initial_load,0,2500,1.452,1722129.572,1469598103934665603,0
dynagox,/home/kassym/Downloads/wiki-Vote.txt,5,2,4,updates,1,500,0.256,1953025.823,1469598103934665603,0
dynagox,/home/kassym/Downloads/wiki-Vote.txt,5,2,4,updates,2,500,0.255,1961538.160,13991930237696369156,1
dynagox,/home/kassym/Downloads/wiki-Vote.txt,5,2,4,updates,3,500,0.257,1943891.515,13991930237696369156,1
dynagox,/home/kassym/Downloads/wiki-Vote.txt,5,2,4,updates,4,500,0.252,1981869.855,1469598103934665603,0
dynagox,/home/kassym/Downloads/wiki-Vote.txt,5,2,4,updates,5,500,0.271,1844460.348,1469598103934665603,0
dynagox,/home/kassym/Downloads/wiki-Vote.txt,5,2,4,updates,6,500,0.252,1982349.163,16304716956969703053,1
dynagox,/home/kassym/Downloads/wiki-Vote.txt,5,2,4,updates,7,500,0.253,1977629.060,8853496519248767906,2
dynagox,/home/kassym/Downloads/wiki-Vote.txt,5,2,4,updates,8,500,0.261,1915173.151,16304716956969703053,1
dynagox,/home/kassym/Downloads/wiki-Vote.txt,5,2,4,updates,9,500,0.263,1904210.590,1815614098126446795,2
dynagox,/home/kassym/Downloads/wiki-Vote.txt,5,2,4,updates,10,500,0.246,2034968.906,1469598103934665603,0
dynagox,/home/kassym/Downloads/wiki-Vote.txt,5,2,5,initial_load,0,2500,1.706,1465286.484,1469598103934665603,0
dynagox,/home/kassym/Downloads/wiki-Vote.txt,5,2,5,updates,1,500,0.308,1624262.585,1469598103934665603,0
dynagox,/home/kassym/Downloads/wiki-Vote.txt,5,2,5,updates,2,500,0.341,1467424.640,2958079882988854522,1
dynagox,/home/kassym/Downloads/wiki-Vote.txt,5,2,5,updates,3,500,0.321,1555272.842,2958079882988854522,1
dynagox,/home/kassym/Downloads/wiki-Vote.txt,5,2,5,updates,4,500,0.337,1483252.595,1469598103934665603,0
dynagox,/home/kassym/Downloads/wiki-Vote.txt,5,2,5,updates,5,500,0.439,1138721.307,1469598103934665603,0
dynagox,/home/kassym/Downloads/wiki-Vote.txt,5,2,5,updates,6,500,0.319,1569213.291,18225336556118739905,1
dynagox,/home/kassym/Downloads/wiki-Vote.txt,5,2,5,updates,7,500,0.347,1442568.464,8756451314333330496,2
dynagox,/home/kassym/Downloads/wiki-Vote.txt,5,2,5,updates,8,500,0.344,1452133.329,18225336556118739905,1
dynagox,/home/kassym/Downloads/wiki-Vote.txt,5,2,5,updates,9,500,0.312,1603756.640,4460622439128054323,2
dynagox,/home/kassym/Downloads/wiki-Vote.txt,5,2,5,updates,10,500,0.299,1673337.706,1469598103934665603,0
dynagox,/home/kassym/Downloads/wiki-Vote.txt,5,2,6,initial_load,0,2500,1.585,1576994.551,1469598103934665603,0
dynagox,/home/kassym/Downloads/wiki-Vote.txt,5,2,6,updates,1,500,0.268,1865421.063,1469598103934665603,0
dynagox,/home/kassym/Downloads/wiki-Vote.txt,5,2,6,updates,2,500,0.270,1848900.459,2956023473248672231,1
dynagox,/home/kassym/Downloads/wiki-Vote.txt,5,2,6,updates,3,500,0.269,1857362.026,2956023473248672231,1
dynagox,/home/kassym/Downloads/wiki-Vote.txt,5,2,6,updates,4,500,0.269,1861178.424,1469598103934665603,0
dynagox,/home/kassym/Downloads/wiki-Vote.txt,5,2,6,updates,5,500,0.269,1855990.022,1469598103934665603,0
dynagox,/home/kassym/Downloads/wiki-Vote.txt,5,2,6,updates,6,500,0.258,1941468.605,414358151584354168,2
dynagox,/home/kassym/Downloads/wiki-Vote.txt,5,2,6,updates,7,500,0.257,1944806.395,10399033018694591256,3
dynagox,/home/kassym/Downloads/wiki-Vote.txt,5,2,6,updates,8,500,0.285,1757178.955,414358151584354168,2
dynagox,/home/kassym/Downloads/wiki-Vote.txt,5,2,6,updates,9,500,0.264,1895102.298,12644654391309945701,4
dynagox,/home/kassym/Downloads/wiki-Vote.txt,5,2,6,updates,10,500,0.258,1936723.374,1469598103934665603,0
dynagox,/home/kassym/Downloads/wiki-Vote.txt,5,3,3,initial_load,0,2500,1.468,1702913.754,1469598103934665603,0
dynagox,/home/kassym/Downloads/wiki-Vote.txt,5,3,3,updates,1,500,0.246,2028438.711,1469598103934665603,0
dynagox,/home/kassym/Downloads/wiki-Vote.txt,5,3,3,updates,2,500,0.258,1938307.547,69164674332017804,1
dynagox,/home/kassym/Downloads/wiki-Vote.txt,5,3,3,updates,3,500,0.247,2023333.077,69164674332017804,1
dynagox,/home/kassym/Downloads/wiki-Vote.txt,5,3,3,updates,4,500,0.239,2093881.260,1469598103934665603,0
dynagox,/home/kassym/Downloads/wiki-Vote.txt,5,3,3,updates,5,500,0.238,2097755.402,1469598103934665603,0
dynagox,/home/kassym/Downloads/wiki-Vote.txt,5,3,3,updates,6,500,0.256,1951569.843,5841531327726789690,1
dynagox,/home/kassym/Downloads/wiki-Vote.txt,5,3,3,updates,7,500,0.247,2026868.164,11230083370065562431,2
dynagox,/home/kassym/Downloads/wiki-Vote.txt,5,3,3,updates,8,500,0.249,2009727.079,5841531327726789690,1
dynagox,/home/kassym/Downloads/wiki-Vote.txt,5,3,3,updates,9,500,0.240,2084870.926,5841518133587251158,1
dynagox,/home/kassym/Downloads/wiki-Vote.txt,5,3,3,updates,10,500,0.246,2032404.660,1469598103934665603,0
dynagox,/home/kassym/Downloads/wiki-Vote.txt,5,3,4,initial_load,0,2500,1.479,1689893.692,1469598103934665603,0
dynagox,/home/kassym/Downloads/wiki-Vote.txt,5,3,4,updates,1,500,0.251,1990968.965,1469598103934665603,0
dynagox,/home/kassym/Downloads/wiki-Vote.txt,5,3,4,updates,2,500,0.238,2102616.075,4609041561119334543,1
dynagox,/home/kassym/Downloads/wiki-Vote.txt,5,3,4,updates,3,500,0.243,2055253.433,4609041561119334543,1
dynagox,/home/kassym/Downloads/wiki-Vote.txt,5,3,4,updates,4,500,0.258,1935756.126,1469598103934665603,0
dynagox,/home/kassym/Downloads/wiki-Vote.txt,5,3,4,updates,5,500,0.253,1977011.312,1469598103934665603,0
dynagox,/home/kassym/Downloads/wiki-Vote.txt,5,3,4,updates,6,500,0.241,2073527.277,8826126103567010024,1
dynagox,/home/kassym/Downloads/wiki-Vote.txt,5,3,4,updates,7,500,0.232,2158922.611,7156253506371659804,2
dynagox,/home/kassym/Downloads/wiki-Vote.txt,5,3,4,updates,8,500,0.268,1863189.706,8826126103567010024,1
dynagox,/home/kassym/Downloads/wiki-Vote.txt,5,3,4,updates,9,500,0.238,2099428.955,8826121705520497180,1
dynagox,/home/kassym/Downloads/wiki-Vote.txt,5,3,4,updates,10,500,0.237,2106078.986,1469598103934665603,0
dynagox,/home/kassym/Downloads/wiki-Vote.txt,5,3,5,initial_load,0,2500,1.606,1556718.736,1469598103934665603,0
dynagox,/home/kassym/Downloads/wiki-Vote.txt,5,3,5,updates,1,500,0.340,1472532.845,1469598103934665603,0
dynagox,/home/kassym/Downloads/wiki-Vote.txt,5,3,5,updates,2,500,0.326,1533154.465,17885148905622259731,1
dynagox,/home/kassym/Downloads/wiki-Vote.txt,5,3,5,updates,3,500,0.317,1576247.837,17885148905622259731,1
dynagox,/home/kassym/Downloads/wiki-Vote.txt,5,3,5,updates,4,500,0.327,1531266.940,1469598103934665603,0
dynagox,/home/kassym/Downloads/wiki-Vote.txt,5,3,5,updates,5,500,0.293,1709273.149,1469598103934665603,0
dynagox,/home/kassym/Downloads/wiki-Vote.txt,5,3,5,updates,6,500,0.278,1798593.500,417755447031876030,1
dynagox,/home/kassym/Downloads/wiki-Vote.txt,5,3,5,updates,7,500,0.298,1676485.282,11123195396648165358,2
dynagox,/home/kassym/Downloads/wiki-Vote.txt,5,3,5,updates,8,500,0.291,1715442.413,417755447031876030,1
dynagox,/home/kassym/Downloads/wiki-Vote.txt,5,3,5,updates,9,500,0.267,1873052.026,417751048985363186,1
dynagox,/home/kassym/Downloads/wiki-Vote.txt,5,3,5,updates,10,500,0.263,1901451.568,1469598103934665603,0
dynagox,/home/kassym/Downloads/wiki-Vote.txt,5,3,6,initial_load,0,2500,1.594,1568115.815,1469598103934665603,0
dynagox,/home/kassym/Downloads/wiki-Vote.txt,5,3,6,updates,1,500,0.285,1751994.646,1469598103934665603,0
dynagox,/home/kassym/Downloads/wiki-Vote.txt,5,3,6,updates,2,500,0.272,1841057.798,11746256292050340780,1
dynagox,/home/kassym/Downloads/wiki-Vote.txt,5,3,6,updates,3,500,0.272,1836790.172,11746256292050340780,1
dynagox,/home/kassym/Downloads/wiki-Vote.txt,5,3,6,updates,4,500,0.310,1613814.250,1469598103934665603,0
dynagox,/home/kassym/Downloads/wiki-Vote.txt,5,3,6,updates,5,500,0.294,1703380.188,1469598103934665603,0
dynagox,/home/kassym/Downloads/wiki-Vote.txt,5,3,6,updates,6,500,0.266,1879261.225,11493086550567856424,2
dynagox,/home/kassym/Downloads/wiki-Vote.txt,5,3,6,updates,7,500,0.267,1869193.817,10761335218199102823,3
dynagox,/home/kassym/Downloads/wiki-Vote.txt,5,3,6,updates,8,500,0.279,1792905.116,11493086550567856424,2
dynagox,/home/kassym/Downloads/wiki-Vote.txt,5,3,6,updates,9,500,0.252,1986057.874,3879747937732053456,2
dynagox,/home/kassym/Downloads/wiki-Vote.txt,5,3,6,updates,10,500,0.246,2033388.235,1469598103934665603,0
dynagox,/home/kassym/Downloads/wiki-Vote.txt,5,4,4,initial_load,0,2500,1.573,1589725.035,1469598103934665603,0
dynagox,/home/kassym/Downloads/wiki-Vote.txt,5,4,4,updates,1,500,0.278,1798981.776,1469598103934665603,0
dynagox,/home/kassym/Downloads/wiki-Vote.txt,5,4,4,updates,2,500,0.294,1702040.747,3839985981777163591,1
dynagox,/home/kassym/Downloads/wiki-Vote.txt,5,4,4,updates,3,500,0.329,1519285.814,3839985981777163591,1
dynagox,/home/kassym/Downloads/wiki-Vote.txt,5,4,4,updates,4,500,0.279,1792654.419,1469598103934665603,0
dynagox,/home/kassym/Downloads/wiki-Vote.txt,5,4,4,updates,5,500,0.264,1895892.738,1469598103934665603,0
dynagox,/home/kassym/Downloads/wiki-Vote.txt,5,4,4,updates,6,500,0.264,1892949.897,11720406569038775505,1
dynagox,/home/kassym/Downloads/wiki-Vote.txt,5,4,4,updates,7,500,0.261,1918413.702,14114997468946036829,2
dynagox,/home/kassym/Downloads/wiki-Vote.txt,5,4,4,updates,8,500,0.262,1905306.278,11720406569038775505,1
dynagox,/home/kassym/Downloads/wiki-Vote.txt,5,4,4,updates,9,500,0.246,2035134.563,11720402170992262661,1
dynagox,/home/kassym/Downloads/wiki-Vote.txt,5,4,4,updates,10,500,0.245,2042625.509,1469598103934665603,0
dynagox,/home/kassym/Downloads/wiki-Vote.txt,5,4,5,initial_load,0,2500,1.735,1440659.799,1469598103934665603,0
dynagox,/home/kassym/Downloads/wiki-Vote.txt,5,4,5,updates,1,500,0.314,1590715.313,1469598103934665603,0
dynagox,/home/kassym/Downloads/wiki-Vote.txt,5,4,5,updates,2,500,0.307,1628293.223,3261868361389347819,1
dynagox,/home/kassym/Downloads/wiki-Vote.txt,5,4,5,updates,3,500,0.316,1583350.750,3261868361389347819,1
dynagox,/home/kassym/Downloads/wiki-Vote.txt,5,4,5,updates,4,500,0.331,1512337.651,1469598103934665603,0
dynagox,/home/kassym/Downloads/wiki-Vote.txt,5,4,5,updates,5,500,0.313,1599130.073,1469598103934665603,0
dynagox,/home/kassym/Downloads/wiki-Vote.txt,5,4,5,updates,6,500,0.307,1627180.422,12104318446828913293,1
dynagox,/home/kassym/Downloads/wiki-Vote.txt,5,4,5,updates,7,500,0.299,1674009.990,8044579817371334869,2
dynagox,/home/kassym/Downloads/wiki-Vote.txt,5,4,5,updates,8,500,0.297,1684346.692,12104318446828913293,1
dynagox,/home/kassym/Downloads/wiki-Vote.txt,5,4,5,updates,9,500,0.285,1756685.065,12104305252689374761,1
dynagox,/home/kassym/Downloads/wiki-Vote.txt,5,4,5,updates,10,500,0.264,1892226.356,1469598103934665603,0
dynagox,/home/kassym/Downloads/wiki-Vote.txt,5,4,6,initial_load,0,2500,1.601,1561433.346,1469598103934665603,0
dynagox,/home/kassym/Downloads/wiki-Vote.txt,5,4,6,updates,1,500,0.280,1785146.864,1469598103934665603,0
dynagox,/home/kassym/Downloads/wiki-Vote.txt,5,4,6,updates,2,500,0.266,1877137.590,8912321711577533748,1
dynagox,/home/kassym/Downloads/wiki-Vote.txt,5,4,6,updates,3,500,0.277,1807971.709,8912321711577533748,1
dynagox,/home/kassym/Downloads/wiki-Vote.txt,5,4,6,updates,4,500,0.259,1929243.081,1469598103934665603,0
dynagox,/home/kassym/Downloads/wiki-Vote.txt,5,4,6,updates,5,500,0.254,1969356.808,1469598103934665603,0
dynagox,/home/kassym/Downloads/wiki-Vote.txt,5,4,6,updates,6,500,0.243,2054831.113,7341013169193076712,2
dynagox,/home/kassym/Downloads/wiki-Vote.txt,5,4,6,updates,7,500,0.244,2051787.107,12597753627054329883,3
dynagox,/home/kassym/Downloads/wiki-Vote.txt,5,4,6,updates,8,500,0.262,1911066.604,7341013169193076712,2
dynagox,/home/kassym/Downloads/wiki-Vote.txt,5,4,6,updates,9,500,0.255,1957767.049,12926912671277605848,2
dynagox,/home/kassym/Downloads/wiki-Vote.txt,5,4,6,updates,10,500,0.285,1751933.258,1469598103934665603,0
dynagox,/home/kassym/Downloads/wiki-Vote.txt,5,5,5,initial_load,0,2500,1.663,1503153.616,1469598103934665603,0
dynagox,/home/kassym/Downloads/wiki-Vote.txt,5,5,5,updates,1,500,0.299,1670704.202,1469598103934665603,0
dynagox,/home/kassym/Downloads/wiki-Vote.txt,5,5,5,updates,2,500,0.289,1730912.364,4370404684731235034,1
dynagox,/home/kassym/Downloads/wiki-Vote.txt,5,5,5,updates,3,500,0.287,1739172.780,4370404684731235034,1
dynagox,/home/kassym/Downloads/wiki-Vote.txt,5,5,5,updates,4,500,0.289,1730792.530,1469598103934665603,0
dynagox,/home/kassym/Downloads/wiki-Vote.txt,5,5,5,updates,5,500,0.286,1748930.529,1469598103934665603,0
dynagox,/home/kassym/Downloads/wiki-Vote.txt,5,5,5,updates,6,500,0.295,1695622.242,3468693621408695021,1
dynagox,/home/kassym/Downloads/wiki-Vote.txt,5,5,5,updates,7,500,0.322,1553871.159,14766417715756674154,2
dynagox,/home/kassym/Downloads/wiki-Vote.txt,5,5,5,updates,8,500,0.323,1546068.194,3468693621408695021,1
dynagox,/home/kassym/Downloads/wiki-Vote.txt,5,5,5,updates,9,500,0.299,1674744.518,3468680427269156489,1
dynagox,/home/kassym/Downloads/wiki-Vote.txt,5,5,5,updates,10,500,0.312,1600768.369,1469598103934665603,0
dynagox,/home/kassym/Downloads/wiki-Vote.txt,5,5,6,initial_load,0,2500,1.528,1635605.429,1469598103934665603,0
dynagox,/home/kassym/Downloads/wiki-Vote.txt,5,5,6,updates,1,500,0.246,2030168.301,1469598103934665603,0
dynagox,/home/kassym/Downloads/wiki-Vote.txt,5,5,6,updates,2,500,0.250,1997666.725,3536836538204403143,1
dynagox,/home/kassym/Downloads/wiki-Vote.txt,5,5,6,updates,3,500,0.248,2013871.547,3536836538204403143,1
dynagox,/home/kassym/Downloads/wiki-Vote.txt,5,5,6,updates,4,500,0.237,2111602.411,1469598103934665603,0
dynagox,/home/kassym/Downloads/wiki-Vote.txt,5,5,6,updates,5,500,0.239,2087839.587,1469598103934665603,0
dynagox,/home/kassym/Downloads/wiki-Vote.txt,5,5,6,updates,6,500,0.230,2171316.904,14104849596364665256,2
dynagox,/home/kassym/Downloads/wiki-Vote.txt,5,5,6,updates,7,500,0.230,2169809.274,8654065492310010772,3
dynagox,/home/kassym/Downloads/wiki-Vote.txt,5,5,6,updates,8,500,0.251,1988901.927,14104849596364665256,2
dynagox,/home/kassym/Downloads/wiki-Vote.txt,5,5,6,updates,9,500,0.223,2238919.587,5165071418299158996,2
dynagox,/home/kassym/Downloads/wiki-Vote.txt,5,5,6,updates,10,500,0.219,2278589.462,1469598103934665603,0
dynagox,/home/kassym/Downloads/wiki-Vote.txt,5,6,6,initial_load,0,2500,1.491,1676416.706,1469598103934665603,0
dynagox,/home/kassym/Downloads/wiki-Vote.txt,5,6,6,updates,1,500,0.235,2129535.378,1469598103934665603,0
dynagox,/home/kassym/Downloads/wiki-Vote.txt,5,6,6,updates,2,500,0.242,2066397.484,17724861189034904605,1
dynagox,/home/kassym/Downloads/wiki-Vote.txt,5,6,6,updates,3,500,0.219,2281094.743,17724861189034904605,1
dynagox,/home/kassym/Downloads/wiki-Vote.txt,5,6,6,updates,4,500,0.218,2290719.836,1469598103934665603,0
dynagox,/home/kassym/Downloads/wiki-Vote.txt,5,6,6,updates,5,500,0.226,2208997.689,1469598103934665603,0
dynagox,/home/kassym/Downloads/wiki-Vote.txt,5,6,6,updates,6,500,0.218,2288926.631,3653912693580622872,2
dynagox,/home/kassym/Downloads/wiki-Vote.txt,5,6,6,updates,7,500,0.220,2270611.476,1577444719580689722,3
dynagox,/home/kassym/Downloads/wiki-Vote.txt,5,6,6,updates,8,500,0.222,2256429.696,3653912693580622872,2
dynagox,/home/kassym/Downloads/wiki-Vote.txt,5,6,6,updates,9,500,0.215,2328993.642,18213496059965037128,2
dynagox,/home/kassym/Downloads/wiki-Vote.txt,5,6,6,updates,10,500,0.218,2289974.948,1469598103934665603,0
dynagox,/home/kassym/Downloads/wiki-Vote.txt,6,1,1,initial_load,0,2500,1.467,1704495.094,1469598103934665603,0
dynagox,/home/kassym/Downloads/wiki-Vote.txt,6,1,1,updates,1,500,0.225,2225050.509,1469598103934665603,0
dynagox,/home/kassym/Downloads/wiki-Vote.txt,6,1,1,updates,2,500,0.217,2301485.379,1469598103934665603,0
dynagox,/home/kassym/Downloads/wiki-Vote.txt,6,1,1,updates,3,500,0.223,2245777.937,1469598103934665603,0
dynagox,/home/kassym/Downloads/wiki-Vote.txt,6,1,1,updates,4,500,0.214,2332143.940,1469598103934665603,0
dynagox,/home/kassym/Downloads/wiki-Vote.txt,6,1,1,updates,5,500,0.213,2344742.852,1469598103934665603,0
dynagox,/home/kassym/Downloads/wiki-Vote.txt,6,1,1,updates,6,500,0.214,2339367.341,1469598103934665603,0
dynagox,/home/kassym/Downloads/wiki-Vote.txt,6,1,1,updates,7,500,0.210,2376685.664,1469598103934665603,0
dynagox,/home/kassym/Downloads/wiki-Vote.txt,6,1,1,updates,8,500,0.215,2325083.936,1469598103934665603,0
dynagox,/home/kassym/Downloads/wiki-Vote.txt,6,1,1,updates,9,500,0.214,2340352.832,1469598103934665603,0
dynagox,/home/kassym/Downloads/wiki-Vote.txt,6,1,1,updates,10,500,0.207,2410893.381,1469598103934665603,0
dynagox,/home/kassym/Downloads/wiki-Vote.txt,6,1,2,initial_load,0,2500,1.348,1854523.740,1469598103934665603,0
dynagox,/home/kassym/Downloads/wiki-Vote.txt,6,1,2,updates,1,500,0.221,2264933.841,1469598103934665603,0
dynagox,/home/kassym/Downloads/wiki-Vote.txt,6,1,2,updates,2,500,0.212,2356700.807,1469598103934665603,0
dynagox,/home/kassym/Downloads/wiki-Vote.txt,6,1,2,updates,3,500,0.217,2300532.343,1469598103934665603,0
dynagox,/home/kassym/Downloads/wiki-Vote.txt,6,1,2,updates,4,500,0.211,2375217.926,1469598103934665603,0
dynagox,/home/kassym/Downloads/wiki-Vote.txt,6,1,2,updates,5,500,0.213,2347946.955,1469598103934665603,0
dynagox,/home/kassym/Downloads/wiki-Vote.txt,6,1,2,updates,6,500,0.211,2372614.336,1469598103934665603,0
dynagox,/home/kassym/Downloads/wiki-Vote.txt,6,1,2,updates,7,500,0.211,2367883.917,1469598103934665603,0
dynagox,/home/kassym/Downloads/wiki-Vote.txt,6,1,2,updates,8,500,0.211,2364636.390,1469598103934665603,0
dynagox,/home/kassym/Downloads/wiki-Vote.txt,6,1,2,updates,9,500,0.211,2368444.737,1469598103934665603,0
dynagox,/home/kassym/Downloads/wiki-Vote.txt,6,1,2,updates,10,500,0.206,2426842.823,1469598103934665603,0
dynagox,/home/kassym/Downloads/wiki-Vote.txt,6,1,3,initial_load,0,2500,1.314,1902817.769,1469598103934665603,0
dynagox,/home/kassym/Downloads/wiki-Vote.txt,6,1,3,updates,1,500,0.216,2310226.448,1469598103934665603,0
dynagox,/home/kassym/Downloads/wiki-Vote.txt,6,1,3,updates,2,500,0.210,2375996.731,1469598103934665603,0
dynagox,/home/kassym/Downloads/wiki-Vote.txt,6,1,3,updates,3,500,0.216,2319787.322,1469598103934665603,0
dynagox,/home/kassym/Downloads/wiki-Vote.txt,6,1,3,updates,4,500,0.206,2432166.866,1469598103934665603,0
dynagox,/home/kassym/Downloads/wiki-Vote.txt,6,1,3,updates,5,500,0.207,2420369.833,1469598103934665603,0
dynagox,/home/kassym/Downloads/wiki-Vote.txt,6,1,3,updates,6,500,0.205,2439905.136,1469598103934665603,0
dynagox,/home/kassym/Downloads/wiki-Vote.txt,6,1,3,updates,7,500,0.207,2420721.375,1469598103934665603,0
dynagox,/home/kassym/Downloads/wiki-Vote.txt,6,1,3,updates,8,500,0.207,2417666.372,1469598103934665603,0
dynagox,/home/kassym/Downloads/wiki-Vote.txt,6,1,3,updates,9,500,0.212,2363406.898,1469598103934665603,0
dynagox,/home/kassym/Downloads/wiki-Vote.txt,6,1,3,updates,10,500,0.207,2415447.268,1469598103934665603,0
dynagox,/home/kassym/Downloads/wiki-Vote.txt,6,1,4,initial_load,0,2500,1.433,1744255.817,1469598103934665603,0
dynagox,/home/kassym/Downloads/wiki-Vote.txt,6,1,4,updates,1,500,0.237,2111245.762,1469598103934665603,0
dynagox,/home/kassym/Downloads/wiki-Vote.txt,6,1,4,updates,2,500,0.227,2203827.608,1469598103934665603,0
dynagox,/home/kassym/Downloads/wiki-Vote.txt,6,1,4,updates,3,500,0.226,2214388.209,1469598103934665603,0
dynagox,/home/kassym/Downloads/wiki-Vote.txt,6,1,4,updates,4,500,0.226,2209476.001,1469598103934665603,0
dynagox,/home/kassym/Downloads/wiki-Vote.txt,6,1,4,updates,5,500,0.246,2033065.782,1469598103934665603,0
dynagox,/home/kassym/Downloads/wiki-Vote.txt,6,1,4,updates,6,500,0.230,2172364.053,1469598103934665603,0
dynagox,/home/kassym/Downloads/wiki-Vote.txt,6,1,4,updates,7,500,0.224,2231913.687,1469598103934665603,0
dynagox,/home/kassym/Downloads/wiki-Vote.txt,6,1,4,updates,8,500,0.231,2163219.216,1469598103934665603,0
dynagox,/home/kassym/Downloads/wiki-Vote.txt,6,1,4,updates,9,500,0.242,2070256.215,1469598103934665603,0
dynagox,/home/kassym/Downloads/wiki-Vote.txt,6,1,4,updates,10,500,0.225,2217530.912,1469598103934665603,0
dynagox,/home/kassym/Downloads/wiki-Vote.txt,6,1,5,initial_load,0,2500,1.522,1642971.728,1469598103934665603,0
dynagox,/home/kassym/Downloads/wiki-Vote.txt,6,1,5,updates,1,500,0.231,2166603.113,1469598103934665603,0
dynagox,/home/kassym/Downloads/wiki-Vote.txt,6,1,5,updates,2,500,0.227,2206161.367,1469598103934665603,0
dynagox,/home/kassym/Downloads/wiki-Vote.txt,6,1,5,updates,3,500,0.232,2156213.344,1469598103934665603,0
dynagox,/home/kassym/Downloads/wiki-Vote.txt,6,1,5,updates,4,500,0.218,2290919.254,1469598103934665603,0
dynagox,/home/kassym/Downloads/wiki-Vote.txt,6,1,5,updates,5,500,0.224,2230121.809,1469598103934665603,0
dynagox,/home/kassym/Downloads/wiki-Vote.txt,6,1,5,updates,6,500,0.227,2206453.435,1469598103934665603,0
dynagox,/home/kassym/Downloads/wiki-Vote.txt,6,1,5,updates,7,500,0.241,2072315.522,1469598103934665603,0
dynagox,/home/kassym/Downloads/wiki-Vote.txt,6,1,5,updates,8,500,0.225,2217432.568,1469598103934665603,0
dynagox,/home/kassym/Downloads/wiki-Vote.txt,6,1,5,updates,9,500,0.235,2129626.080,1469598103934665603,0
dynagox,/home/kassym/Downloads/wiki-Vote.txt,6,1,5,updates,10,500,0.226,2216351.354,1469598103934665603,0
dynagox,/home/kassym/Downloads/wiki-Vote.txt,6,2,2,initial_load,0,2500,1.601,1561179.827,1469598103934665603,0
dynagox,/home/kassym/Downloads/wiki-Vote.txt,6,2,2,updates,1,500,0.291,1720708.381,1469598103934665603,0
dynagox,/home/kassym/Downloads/wiki-Vote.txt,6,2,2,updates,2,500,0.305,1641308.451,1469598103934665603,0
dynagox,/home/kassym/Downloads/wiki-Vote.txt,6,2,2,updates,3,500,0.299,1674122.090,1469598103934665603,0
dynagox,/home/kassym/Downloads/wiki-Vote.txt,6,2,2,updates,4,500,0.287,1742876.862,1469598103934665603,0
dynagox,/home/kassym/Downloads/wiki-Vote.txt,6,2,2,updates,5,500,0.293,1708222.014,1469598103934665603,0
dynagox,/home/kassym/Downloads/wiki-Vote.txt,6,2,2,updates,6,500,0.305,1637164.954,1469598103934665603,0
dynagox,/home/kassym/Downloads/wiki-Vote.txt,6,2,2,updates,7,500,0.288,1737963.732,1469598103934665603,0
dynagox,/home/kassym/Downloads/wiki-Vote.txt,6,2,2,updates,8,500,0.312,1602415.160,1469598103934665603,0
dynagox,/home/kassym/Downloads/wiki-Vote.txt,6,2,2,updates,9,500,0.442,1131004.219,1469598103934665603,0
dynagox,/home/kassym/Downloads/wiki-Vote.txt,6,2,2,updates,10,500,0.393,1270993.637,1469598103934665603,0
dynagox,/home/kassym/Downloads/wiki-Vote.txt,6,2,3,initial_load,0,2500,1.426,1752560.842,1469598103934665603,0
dynagox,/home/kassym/Downloads/wiki-Vote.txt,6,2,3,updates,1,500,0.252,1987873.969,1469598103934665603,0
dynagox,/home/kassym/Downloads/wiki-Vote.txt,6,2,3,updates,2,500,0.266,1877560.523,1469598103934665603,0
dynagox,/home/kassym/Downloads/wiki-Vote.txt,6,2,3,updates,3,500,0.264,1896978.871,1469598103934665603,0
dynagox,/home/kassym/Downloads/wiki-Vote.txt,6,2,3,updates,4,500,0.266,1881743.699,1469598103934665603,0
dynagox,/home/kassym/Downloads/wiki-Vote.txt,6,2,3,updates,5,500,0.288,1734340.638,1469598103934665603,0
dynagox,/home/kassym/Downloads/wiki-Vote.txt,6,2,3,updates,6,500,0.291,1717327.838,1469598103934665603,0
dynagox,/home/kassym/Downloads/wiki-Vote.txt,6,2,3,updates,7,500,0.285,1752922.121,1469598103934665603,0
dynagox,/home/kassym/Downloads/wiki-Vote.txt,6,2,3,updates,8,500,0.278,1797494.293,1469598103934665603,0
dynagox,/home/kassym/Downloads/wiki-Vote.txt,6,2,3,updates,9,500,0.304,1644877.522,1469598103934665603,0
dynagox,/home/kassym/Downloads/wiki-Vote.txt,6,2,3,updates,10,500,0.269,1860548.192,1469598103934665603,0
dynagox,/home/kassym/Downloads/wiki-Vote.txt,6,2,4,initial_load,0,2500,1.696,1474193.940,1469598103934665603,0
dynagox,/home/kassym/Downloads/wiki-Vote.txt,6,2,4,updates,1,500,0.276,1809352.180,1469598103934665603,0
dynagox,/home/kassym/Downloads/wiki-Vote.txt,6,2,4,updates,2,500,0.309,1617107.706,1469598103934665603,0
dynagox,/home/kassym/Downloads/wiki-Vote.txt,6,2,4,updates,3,500,0.297,1685658.418,1469598103934665603,0
dynagox,/home/kassym/Downloads/wiki-Vote.txt,6,2,4,updates,4,500,0.279,1791491.847,1469598103934665603,0
dynagox,/home/kassym/Downloads/wiki-Vote.txt,6,2,4,updates,5,500,0.273,1833617.544,1469598103934665603,0
dynagox,/home/kassym/Downloads/wiki-Vote.txt,6,2,4,updates,6,500,0.280,1788217.791,1469598103934665603,0
dynagox,/home/kassym/Downloads/wiki-Vote.txt,6,2,4,updates,7,500,0.263,1903703.083,1469598103934665603,0
dynagox,/home/kassym/Downloads/wiki-Vote.txt,6,2,4,updates,8,500,0.261,1914000.145,1469598103934665603,0
dynagox,/home/kassym/Downloads/wiki-Vote.txt,6,2,4,updates,9,500,0.278,1796460.972,1469598103934665603,0
dynagox,/home/kassym/Downloads/wiki-Vote.txt,6,2,4,updates,10,500,0.252,1981948.414,1469598103934665603,0
dynagox,/home/kassym/Downloads/wiki-Vote.txt,6,2,5,initial_load,0,2500,1.470,1700476.678,1469598103934665603,0
dynagox,/home/kassym/Downloads/wiki-Vote.txt,6,2,5,updates,1,500,0.254,1965563.330,1469598103934665603,0
dynagox,/home/kassym/Downloads/wiki-Vote.txt,6,2,5,updates,2,500,0.252,1986681.289,1469598103934665603,0
dynagox,/home/kassym/Downloads/wiki-Vote.txt,6,2,5,updates,3,500,0.246,2036129.074,1469598103934665603,0
dynagox,/home/kassym/Downloads/wiki-Vote.txt,6,2,5,updates,4,500,0.242,2062212.837,1469598103934665603,0
dynagox,/home/kassym/Downloads/wiki-Vote.txt,6,2,5,updates,5,500,0.254,1968666.701,1469598103934665603,0
dynagox,/home/kassym/Downloads/wiki-Vote.txt,6,2,5,updates,6,500,0.249,2007951.488,1469598103934665603,0
dynagox,/home/kassym/Downloads/wiki-Vote.txt,6,2,5,updates,7,500,0.246,2034803.275,1469598103934665603,0
dynagox,/home/kassym/Downloads/wiki-Vote.txt,6,2,5,updates,8,500,0.243,2055675.927,1469598103934665603,0
dynagox,/home/kassym/Downloads/wiki-Vote.txt,6,2,5,updates,9,500,0.262,1911943.529,1469598103934665603,0
dynagox,/home/kassym/Downloads/wiki-Vote.txt,6,2,5,updates,10,500,0.249,2010777.769,1469598103934665603,0
dynagox,/home/kassym/Downloads/wiki-Vote.txt,6,2,6,initial_load,0,2500,1.454,1719922.342,1469598103934665603,0
dynagox,/home/kassym/Downloads/wiki-Vote.txt,6,2,6,updates,1,500,0.265,1883657.762,1469598103934665603,0
dynagox,/home/kassym/Downloads/wiki-Vote.txt,6,2,6,updates,2,500,0.266,1881602.071,1469598103934665603,0
dynagox,/home/kassym/Downloads/wiki-Vote.txt,6,2,6,updates,3,500,0.262,1907195.850,1469598103934665603,0
dynagox,/home/kassym/Downloads/wiki-Vote.txt,6,2,6,updates,4,500,0.269,1861940.813,1469598103934665603,0
dynagox,/home/kassym/Downloads/wiki-Vote.txt,6,2,6,updates,5,500,0.266,1881382.590,1469598103934665603,0
dynagox,/home/kassym/Downloads/wiki-Vote.txt,6,2,6,updates,6,500,0.264,1896899.707,1469598103934665603,0
dynagox,/home/kassym/Downloads/wiki-Vote.txt,6,2,6,updates,7,500,0.257,1941777.736,1469598103934665603,0
dynagox,/home/kassym/Downloads/wiki-Vote.txt,6,2,6,updates,8,500,0.261,1913260.425,1469598103934665603,0
dynagox,/home/kassym/Downloads/wiki-Vote.txt,6,2,6,updates,9,500,0.266,1877490.021,1469598103934665603,0
dynagox,/home/kassym/Downloads/wiki-Vote.txt,6,2,6,updates,10,500,0.259,1928789.106,1469598103934665603,0
dynagox,/home/kassym/Downloads/wiki-Vote.txt,6,3,3,initial_load,0,2500,1.399,1786413.539,1469598103934665603,0
dynagox,/home/kassym/Downloads/wiki-Vote.txt,6,3,3,updates,1,500,0.230,2174915.396,1469598103934665603,0
dynagox,/home/kassym/Downloads/wiki-Vote.txt,6,3,3,updates,2,500,0.228,2194522.472,1469598103934665603,0
dynagox,/home/kassym/Downloads/wiki-Vote.txt,6,3,3,updates,3,500,0.223,2245767.850,1469598103934665603,0
dynagox,/home/kassym/Downloads/wiki-Vote.txt,6,3,3,updates,4,500,0.216,2310984.572,1469598103934665603,0
dynagox,/home/kassym/Downloads/wiki-Vote.txt,6,3,3,updates,5,500,0.223,2238719.094,1469598103934665603,0
dynagox,/home/kassym/Downloads/wiki-Vote.txt,6,3,3,updates,6,500,0.223,2243852.965,1469598103934665603,0
dynagox,/home/kassym/Downloads/wiki-Vote.txt,6,3,3,updates,7,500,0.235,2125362.374,1469598103934665603,0
dynagox,/home/kassym/Downloads/wiki-Vote.txt,6,3,3,updates,8,500,0.222,2250630.176,1469598103934665603,0
dynagox,/home/kassym/Downloads/wiki-Vote.txt,6,3,3,updates,9,500,0.222,2253277.392,1469598103934665603,0
dynagox,/home/kassym/Downloads/wiki-Vote.txt,6,3,3,updates,10,500,0.217,2305432.983,1469598103934665603,0
dynagox,/home/kassym/Downloads/wiki-Vote.txt,6,3,4,initial_load,0,2500,1.408,1775178.601,1469598103934665603,0
dynagox,/home/kassym/Downloads/wiki-Vote.txt,6,3,4,updates,1,500,0.246,2032487.277,1469598103934665603,0
dynagox,/home/kassym/Downloads/wiki-Vote.txt,6,3,4,updates,2,500,0.224,2235616.046,1469598103934665603,0
dynagox,/home/kassym/Downloads/wiki-Vote.txt,6,3,4,updates,3,500,0.224,2231814.063,1469598103934665603,0
dynagox,/home/kassym/Downloads/wiki-Vote.txt,6,3,4,updates,4,500,0.218,2293136.185,1469598103934665603,0
dynagox,/home/kassym/Downloads/wiki-Vote.txt,6,3,4,updates,5,500,0.226,2214378.402,1469598103934665603,0
dynagox,/home/kassym/Downloads/wiki-Vote.txt,6,3,4,updates,6,500,0.236,2115542.467,1469598103934665603,0
dynagox,/home/kassym/Downloads/wiki-Vote.txt,6,3,4,updates,7,500,0.222,2256338.054,1469598103934665603,0
dynagox,/home/kassym/Downloads/wiki-Vote.txt,6,3,4,updates,8,500,0.217,2307880.489,1469598103934665603,0
dynagox,/home/kassym/Downloads/wiki-Vote.txt,6,3,4,updates,9,500,0.219,2278381.802,1469598103934665603,0
dynagox,/home/kassym/Downloads/wiki-Vote.txt,6,3,4,updates,10,500,0.222,2256643.559,1469598103934665603,0
dynagox,/home/kassym/Downloads/wiki-Vote.txt,6,3,5,initial_load,0,2500,1.409,1774522.121,1469598103934665603,0
dynagox,/home/kassym/Downloads/wiki-Vote.txt,6,3,5,updates,1,500,0.229,2179095.501,1469598103934665603,0
dynagox,/home/kassym/Downloads/wiki-Vote.txt,6,3,5,updates,2,500,0.223,2244064.450,1469598103934665603,0
dynagox,/home/kassym/Downloads/wiki-Vote.txt,6,3,5,updates,3,500,0.219,2279628.329,1469598103934665603,0
dynagox,/home/kassym/Downloads/wiki-Vote.txt,6,3,5,updates,4,500,0.216,2310653.499,1469598103934665603,0
dynagox,/home/kassym/Downloads/wiki-Vote.txt,6,3,5,updates,5,500,0.245,2043969.880,1469598103934665603,0
dynagox,/home/kassym/Downloads/wiki-Vote.txt,6,3,5,updates,6,500,0.227,2206064.029,1469598103934665603,0
dynagox,/home/kassym/Downloads/wiki-Vote.txt,6,3,5,updates,7,500,0.225,2222370.380,1469598103934665603,0
dynagox,/home/kassym/Downloads/wiki-Vote.txt,6,3,5,updates,8,500,0.221,2258988.515,1469598103934665603,0
dynagox,/home/kassym/Downloads/wiki-Vote.txt,6,3,5,updates,9,500,0.231,2161535.901,1469598103934665603,0
dynagox,/home/kassym/Downloads/wiki-Vote.txt,6,3,5,updates,10,500,0.226,2214094.037,1469598103934665603,0
dynagox,/home/kassym/Downloads/wiki-Vote.txt,6,3,6,initial_load,0,2500,1.472,1698797.727,1469598103934665603,0
dynagox,/home/kassym/Downloads/wiki-Vote.txt,6,3,6,updates,1,500,0.242,2068885.615,1469598103934665603,0
dynagox,/home/kassym/Downloads/wiki-Vote.txt,6,3,6,updates,2,500,0.239,2096348.162,1469598103934665603,0
dynagox,/home/kassym/Downloads/wiki-Vote.txt,6,3,6,updates,3,500,0.238,2104651.701,1469598103934665603,0
dynagox,/home/kassym/Downloads/wiki-Vote.txt,6,3,6,updates,4,500,0.247,2024980.155,1469598103934665603,0
dynagox,/home/kassym/Downloads/wiki-Vote.txt,6,3,6,updates,5,500,0.245,2037622.665,1469598103934665603,0
dynagox,/home/kassym/Downloads/wiki-Vote.txt,6,3,6,updates,6,500,0.238,2102439.250,1469598103934665603,0
dynagox,/home/kassym/Downloads/wiki-Vote.txt,6,3,6,updates,7,500,0.241,2072753.653,1469598103934665603,0
dynagox,/home/kassym/Downloads/wiki-Vote.txt,6,3,6,updates,8,500,0.239,2088807.750,1469598103934665603,0
dynagox,/home/kassym/Downloads/wiki-Vote.txt,6,3,6,updates,9,500,0.244,2047409.822,1469598103934665603,0
dynagox,/home/kassym/Downloads/wiki-Vote.txt,6,3,6,updates,10,500,0.236,2120845.793,1469598103934665603,0
dynagox,/home/kassym/Downloads/wiki-Vote.txt,6,3,7,initial_load,0,2500,1.413,1769838.831,1469598103934665603,0
dynagox,/home/kassym/Downloads/wiki-Vote.txt,6,3,7,updates,1,500,0.223,2238518.638,1469598103934665603,0
dynagox,/home/kassym/Downloads/wiki-Vote.txt,6,3,7,updates,2,500,0.224,2236716.143,1469598103934665603,0
dynagox,/home/kassym/Downloads/wiki-Vote.txt,6,3,7,updates,3,500,0.233,2145370.291,1469598103934665603,0
dynagox,/home/kassym/Downloads/wiki-Vote.txt,6,3,7,updates,4,500,0.219,2278589.462,1469598103934665603,0
dynagox,/home/kassym/Downloads/wiki-Vote.txt,6,3,7,updates,5,500,0.227,2206161.367,1469598103934665603,0
dynagox,/home/kassym/Downloads/wiki-Vote.txt,6,3,7,updates,6,500,0.220,2271839.190,1469598103934665603,0
dynagox,/home/kassym/Downloads/wiki-Vote.txt,6,3,7,updates,7,500,0.247,2024734.152,1469598103934665603,0
dynagox,/home/kassym/Downloads/wiki-Vote.txt,6,3,7,updates,8,500,0.246,2029261.957,1469598103934665603,0
dynagox,/home/kassym/Downloads/wiki-Vote.txt,6,3,7,updates,9,500,0.250,2002707.661,1469598103934665603,0
dynagox,/home/kassym/Downloads/wiki-Vote.txt,6,3,7,updates,10,500,0.249,2010624.138,1469598103934665603,0
dynagox,/home/kassym/Downloads/wiki-Vote.txt,6,4,4,initial_load,0,2500,1.467,1704182.541,1469598103934665603,0
dynagox,/home/kassym/Downloads/wiki-Vote.txt,6,4,4,updates,1,500,0.271,1847875.498,1469598103934665603,0
dynagox,/home/kassym/Downloads/wiki-Vote.txt,6,4,4,updates,2,500,0.264,1892663.280,1469598103934665603,0
dynagox,/home/kassym/Downloads/wiki-Vote.txt,6,4,4,updates,3,500,0.262,1905742.001,1469598103934665603,0
dynagox,/home/kassym/Downloads/wiki-Vote.txt,6,4,4,updates,4,500,0.277,1805621.260,1469598103934665603,0
dynagox,/home/kassym/Downloads/wiki-Vote.txt,6,4,4,updates,5,500,0.281,1782340.570,1469598103934665603,0
dynagox,/home/kassym/Downloads/wiki-Vote.txt,6,4,4,updates,6,500,0.263,1899429.032,1469598103934665603,0
dynagox,/home/kassym/Downloads/wiki-Vote.txt,6,4,4,updates,7,500,0.251,1994948.790,1469598103934665603,0
dynagox,/home/kassym/Downloads/wiki-Vote.txt,6,4,4,updates,8,500,0.255,1957391.502,1469598103934665603,0
dynagox,/home/kassym/Downloads/wiki-Vote.txt,6,4,4,updates,9,500,0.253,1979986.298,1469598103934665603,0
dynagox,/home/kassym/Downloads/wiki-Vote.txt,6,4,4,updates,10,500,0.240,2084523.249,1469598103934665603,0
dynagox,/home/kassym/Downloads/wiki-Vote.txt,6,4,5,initial_load,0,2500,1.537,1626596.016,1469598103934665603,0
dynagox,/home/kassym/Downloads/wiki-Vote.txt,6,4,5,updates,1,500,0.300,1668691.345,1469598103934665603,0
dynagox,/home/kassym/Downloads/wiki-Vote.txt,6,4,5,updates,2,500,0.246,2033470.932,1469598103934665603,0
dynagox,/home/kassym/Downloads/wiki-Vote.txt,6,4,5,updates,3,500,0.242,2063915.330,1469598103934665603,0
dynagox,/home/kassym/Downloads/wiki-Vote.txt,6,4,5,updates,4,500,0.234,2138022.158,1469598103934665603,0
dynagox,/home/kassym/Downloads/wiki-Vote.txt,6,4,5,updates,5,500,0.249,2011109.368,1469598103934665603,0
dynagox,/home/kassym/Downloads/wiki-Vote.txt,6,4,5,updates,6,500,0.241,2071285.357,1469598103934665603,0
dynagox,/home/kassym/Downloads/wiki-Vote.txt,6,4,5,updates,7,500,0.232,2155190.993,1469598103934665603,0
dynagox,/home/kassym/Downloads/wiki-Vote.txt,6,4,5,updates,8,500,0.228,2195389.682,1469598103934665603,0
dynagox,/home/kassym/Downloads/wiki-Vote.txt,6,4,5,updates,9,500,0.237,2106345.154,1469598103934665603,0
dynagox,/home/kassym/Downloads/wiki-Vote.txt,6,4,5,updates,10,500,0.228,2196740.038,1469598103934665603,0
dynagox,/home/kassym/Downloads/wiki-Vote.txt,6,4,6,initial_load,0,2500,1.519,1645756.778,1469598103934665603,0
dynagox,/home/kassym/Downloads/wiki-Vote.txt,6,4,6,updates,1,500,0.242,2068628.830,1469598103934665603,0
dynagox,/home/kassym/Downloads/wiki-Vote.txt,6,4,6,updates,2,500,0.253,1973873.806,1469598103934665603,0
dynagox,/home/kassym/Downloads/wiki-Vote.txt,6,4,6,updates,3,500,0.245,2039958.711,1469598103934665603,0
dynagox,/home/kassym/Downloads/wiki-Vote.txt,6,4,6,updates,4,500,0.241,2073002.869,1469598103934665603,0
dynagox,/home/kassym/Downloads/wiki-Vote.txt,6,4,6,updates,5,500,0.248,2013863.436,1469598103934665603,0
dynagox,/home/kassym/Downloads/wiki-Vote.txt,6,4,6,updates,6,500,0.255,1964327.807,1469598103934665603,0
dynagox,/home/kassym/Downloads/wiki-Vote.txt,6,4,6,updates,7,500,0.247,2024152.184,1469598103934665603,0
dynagox,/home/kassym/Downloads/wiki-Vote.txt,6,4,6,updates,8,500,0.242,2062382.960,1469598103934665603,0
dynagox,/home/kassym/Downloads/wiki-Vote.txt,6,4,6,updates,9,500,0.248,2014683.010,1469598103934665603,0
dynagox,/home/kassym/Downloads/wiki-Vote.txt,6,4,6,updates,10,500,0.279,1792262.445,1469598103934665603,0
dynagox,/home/kassym/Downloads/wiki-Vote.txt,6,4,7,initial_load,0,2500,1.479,1690614.789,1469598103934665603,0
dynagox,/home/kassym/Downloads/wiki-Vote.txt,6,4,7,updates,1,500,0.245,2043886.327,1469598103934665603,0
dynagox,/home/kassym/Downloads/wiki-Vote.txt,6,4,7,updates,2,500,0.245,2037547.933,1469598103934665603,0
dynagox,/home/kassym/Downloads/wiki-Vote.txt,6,4,7,updates,3,500,0.243,2060003.790,1469598103934665603,0
dynagox,/home/kassym/Downloads/wiki-Vote.txt,6,4,7,updates,4,500,0.252,1984237.220,1469598103934665603,0
dynagox,/home/kassym/Downloads/wiki-Vote.txt,6,4,7,updates,5,500,0.260,1921665.238,1469598103934665603,0
dynagox,/home/kassym/Downloads/wiki-Vote.txt,6,4,7,updates,6,500,0.251,1989693.388,1469598103934665603,0
dynagox,/home/kassym/Downloads/wiki-Vote.txt,6,4,7,updates,7,500,0.253,1975909.709,1469598103934665603,0
dynagox,/home/kassym/Downloads/wiki-Vote.txt,6,4,7,updates,8,500,0.250,1999184.333,1469598103934665603,0
dynagox,/home/kassym/Downloads/wiki-Vote.txt,6,4,7,updates,9,500,0.258,1935523.830,1469598103934665603,0
dynagox,/home/kassym/Downloads/wiki-Vote.txt,6,4,7,updates,10,500,0.236,2119676.961,1469598103934665603,0
dynagox,/home/kassym/Downloads/wiki-Vote.txt,6,5,5,initial_load,0,2500,1.593,1569812.382,1469598103934665603,0
dynagox,/home/kassym/Downloads/wiki-Vote.txt,6,5,5,updates,1,500,0.281,1777202.754,1469598103934665603,0
dynagox,/home/kassym/Downloads/wiki-Vote.txt,6,5,5,updates,2,500,0.281,1780817.039,1469598103934665603,0
dynagox,/home/kassym/Downloads/wiki-Vote.txt,6,5,5,updates,3,500,0.264,1894025.486,1469598103934665603,0
dynagox,/home/kassym/Downloads/wiki-Vote.txt,6,5,5,updates,4,500,0.256,1950116.032,1469598103934665603,0
dynagox,/home/kassym/Downloads/wiki-Vote.txt,6,5,5,updates,5,500,0.270,1849728.090,1469598103934665603,0
dynagox,/home/kassym/Downloads/wiki-Vote.txt,6,5,5,updates,6,500,0.266,1881453.385,1469598103934665603,0
dynagox,/home/kassym/Downloads/wiki-Vote.txt,6,5,5,updates,7,500,0.257,1946623.581,1469598103934665603,0
dynagox,/home/kassym/Downloads/wiki-Vote.txt,6,5,5,updates,8,500,0.251,1992794.057,1469598103934665603,0
dynagox,/home/kassym/Downloads/wiki-Vote.txt,6,5,5,updates,9,500,0.256,1953254.708,1469598103934665603,0
dynagox,/home/kassym/Downloads/wiki-Vote.txt,6,5,5,updates,10,500,0.251,1994224.725,1469598103934665603,0
dynagox,/home/kassym/Downloads/wiki-Vote.txt,6,5,6,initial_load,0,2500,1.429,1749808.221,1469598103934665603,0
dynagox,/home/kassym/Downloads/wiki-Vote.txt,6,5,6,updates,1,500,0.242,2069399.378,1469598103934665603,0
dynagox,/home/kassym/Downloads/wiki-Vote.txt,6,5,6,updates,2,500,0.250,2000704.248,1469598103934665603,0
dynagox,/home/kassym/Downloads/wiki-Vote.txt,6,5,6,updates,3,500,0.238,2103235.196,1469598103934665603,0
dynagox,/home/kassym/Downloads/wiki-Vote.txt,6,5,6,updates,4,500,0.235,2125814.187,1469598103934665603,0
dynagox,/home/kassym/Downloads/wiki-Vote.txt,6,5,6,updates,5,500,0.244,2051871.307,1469598103934665603,0
dynagox,/home/kassym/Downloads/wiki-Vote.txt,6,5,6,updates,6,500,0.240,2081130.803,1469598103934665603,0
dynagox,/home/kassym/Downloads/wiki-Vote.txt,6,5,6,updates,7,500,0.238,2097403.415,1469598103934665603,0
dynagox,/home/kassym/Downloads/wiki-Vote.txt,6,5,6,updates,8,500,0.231,2167730.300,1469598103934665603,0
dynagox,/home/kassym/Downloads/wiki-Vote.txt,6,5,6,updates,9,500,0.252,1985111.663,1469598103934665603,0
dynagox,/home/kassym/Downloads/wiki-Vote.txt,6,5,6,updates,10,500,0.231,2162667.174,1469598103934665603,0
dynagox,/home/kassym/Downloads/wiki-Vote.txt,6,5,7,initial_load,0,2500,1.431,1746820.089,1469598103934665603,0
dynagox,/home/kassym/Downloads/wiki-Vote.txt,6,5,7,updates,1,500,0.223,2246787.094,1469598103934665603,0
dynagox,/home/kassym/Downloads/wiki-Vote.txt,6,5,7,updates,2,500,0.227,2203827.608,1469598103934665603,0
dynagox,/home/kassym/Downloads/wiki-Vote.txt,6,5,7,updates,3,500,0.220,2273192.244,1469598103934665603,0
dynagox,/home/kassym/Downloads/wiki-Vote.txt,6,5,7,updates,4,500,0.233,2144082.333,1469598103934665603,0
dynagox,/home/kassym/Downloads/wiki-Vote.txt,6,5,7,updates,5,500,0.222,2256226.056,1469598103934665603,0
dynagox,/home/kassym/Downloads/wiki-Vote.txt,6,5,7,updates,6,500,0.220,2271230.325,1469598103934665603,0
dynagox,/home/kassym/Downloads/wiki-Vote.txt,6,5,7,updates,7,500,0.217,2300532.343,1469598103934665603,0
dynagox,/home/kassym/Downloads/wiki-Vote.txt,6,5,7,updates,8,500,0.214,2336623.299,1469598103934665603,0
dynagox,/home/kassym/Downloads/wiki-Vote.txt,6,5,7,updates,9,500,0.235,2126356.616,1469598103934665603,0
dynagox,/home/kassym/Downloads/wiki-Vote.txt,6,5,7,updates,10,500,0.212,2353151.576,1469598103934665603,0
dynagox,/home/kassym/Downloads/wiki-Vote.txt,6,6,6,initial_load,0,2500,1.438,1738531.775,1469598103934665603,0
dynagox,/home/kassym/Downloads/wiki-Vote.txt,6,6,6,updates,1,500,0.255,1962469.729,1469598103934665603,0
dynagox,/home/kassym/Downloads/wiki-Vote.txt,6,6,6,updates,2,500,0.258,1940187.888,1469598103934665603,0
dynagox,/home/kassym/Downloads/wiki-Vote.txt,6,6,6,updates,3,500,0.267,1873122.195,1469598103934665603,0
dynagox,/home/kassym/Downloads/wiki-Vote.txt,6,6,6,updates,4,500,0.272,1840176.951,1469598103934665603,0
dynagox,/home/kassym/Downloads/wiki-Vote.txt,6,6,6,updates,5,500,0.273,1831468.288,1469598103934665603,0
dynagox,/home/kassym/Downloads/wiki-Vote.txt,6,6,6,updates,6,500,0.256,1950816.026,1469598103934665603,0
dynagox,/home/kassym/Downloads/wiki-Vote.txt,6,6,6,updates,7,500,0.262,1906541.343,1469598103934665603,0
dynagox,/home/kassym/Downloads/wiki-Vote.txt,6,6,6,updates,8,500,0.270,1850481.125,1469598103934665603,0
dynagox,/home/kassym/Downloads/wiki-Vote.txt,6,6,6,updates,9,500,0.260,1922847.660,1469598103934665603,0
dynagox,/home/kassym/Downloads/wiki-Vote.txt,6,6,6,updates,10,500,0.279,1791106.797,1469598103934665603,0
dynagox,/home/kassym/Downloads/wiki-Vote.txt,6,6,7,initial_load,0,2500,1.493,1674437.171,1469598103934665603,0
dynagox,/home/kassym/Downloads/wiki-Vote.txt,6,6,7,updates,1,500,0.216,2319249.305,1469598103934665603,0
dynagox,/home/kassym/Downloads/wiki-Vote.txt,6,6,7,updates,2,500,0.222,2247494.044,1469598103934665603,0
dynagox,/home/kassym/Downloads/wiki-Vote.txt,6,6,7,updates,3,500,0.215,2330513.412,1469598103934665603,0
dynagox,/home/kassym/Downloads/wiki-Vote.txt,6,6,7,updates,4,500,0.210,2375669.345,1469598103934665603,0
dynagox,/home/kassym/Downloads/wiki-Vote.txt,6,6,7,updates,5,500,0.219,2286728.286,1469598103934665603,0
dynagox,/home/kassym/Downloads/wiki-Vote.txt,6,6,7,updates,6,500,0.218,2288717.083,1469598103934665603,0
dynagox,/home/kassym/Downloads/wiki-Vote.txt,6,6,7,updates,7,500,0.214,2334877.466,1469598103934665603,0
dynagox,/home/kassym/Downloads/wiki-Vote.txt,6,6,7,updates,8,500,0.209,2394808.056,1469598103934665603,0
dynagox,/home/kassym/Downloads/wiki-Vote.txt,6,6,7,updates,9,500,0.213,2343435.101,1469598103934665603,0
dynagox,/home/kassym/Downloads/wiki-Vote.txt,6,6,7,updates,10,500,0.207,2418017.129,1469598103934665603,0
dynagox,/home/kassym/Downloads/wiki-Vote.txt,6,7,7,initial_load,0,2500,1.351,1850644.135,1469598103934665603,0
dynagox,/home/kassym/Downloads/wiki-Vote.txt,6,7,7,updates,1,500,0.213,2345853.938,1469598103934665603,0
dynagox,/home/kassym/Downloads/wiki-Vote.txt,6,7,7,updates,2,500,0.215,2323895.220,1469598103934665603,0
dynagox,/home/kassym/Downloads/wiki-Vote.txt,6,7,7,updates,3,500,0.208,2407642.821,1469598103934665603,0
dynagox,/home/kassym/Downloads/wiki-Vote.txt,6,7,7,updates,4,500,0.203,2466054.756,1469598103934665603,0
dynagox,/home/kassym/Downloads/wiki-Vote.txt,6,7,7,updates,5,500,0.214,2334877.466,1469598103934665603,0
dynagox,/home/kassym/Downloads/wiki-Vote.txt,6,7,7,updates,6,500,0.207,2416276.035,1469598103934665603,0
dynagox,/home/kassym/Downloads/wiki-Vote.txt,6,7,7,updates,7,500,0.226,2214378.402,1469598103934665603,0
dynagox,/home/kassym/Downloads/wiki-Vote.txt,6,7,7,updates,8,500,0.206,2430629.825,1469598103934665603,0
dynagox,/home/kassym/Downloads/wiki-Vote.txt,6,7,7,updates,9,500,0.208,2400464.730,1469598103934665603,0
dynagox,/home/kassym/Downloads/wiki-Vote.txt,6,7,7,updates,10,500,0.205,2440726.946,1469598103934665603,0
