dataset,k,a,b,phase,phase_idx,hash_dynagox,rows_dynagox,hash_flink,rows_flink,_merge,hash_match,rows_match,ok
/home/kassym/Downloads/wiki-Vote.txt,2,1,1,initial_load,0,4997505848471027102,301,4997505848471027102,301,both,True,True,True
/home/kassym/Downloads/wiki-Vote.txt,2,1,1,updates,1,13646744357804711093,305,13646744357804711093,305,both,True,True,True
/home/kassym/Downloads/wiki-Vote.txt,2,1,1,updates,2,3451208747446286633,299,3451208747446286633,299,both,True,True,True
/home/kassym/Downloads/wiki-Vote.txt,2,1,1,updates,3,15042313618749975167,285,15042313618749975167,285,both,True,True,True
/home/kassym/Downloads/wiki-Vote.txt,2,1,1,updates,4,4436697905875567388,290,4436697905875567388,290,both,True,True,True
/home/kassym/Downloads/wiki-Vote.txt,2,1,1,updates,5,6231160709255051800,285,6231160709255051800,285,both,True,True,True
/home/kassym/Downloads/wiki-Vote.txt,2,1,1,updates,6,388363043672611182,281,388363043672611182,281,both,True,True,True
/home/kassym/Downloads/wiki-Vote.txt,2,1,1,updates,7,16408149378692860427,288,16408149378692860427,288,both,True,True,True
/home/kassym/Downloads/wiki-Vote.txt,2,1,1,updates,8,18058137140625341488,291,18058137140625341488,291,both,True,True,True
/home/kassym/Downloads/wiki-Vote.txt,2,1,1,updates,9,4660088706359687634,281,4660088706359687634,281,both,True,True,True
/home/kassym/Downloads/wiki-Vote.txt,2,1,1,updates,10,9203225422150994116,285,9203225422150994116,285,both,True,True,True
/home/kassym/Downloads/wiki-Vote.txt,2,1,2,initial_load,0,3247291887661130760,350,3247291887661130760,350,both,True,True,True
/home/kassym/Downloads/wiki-Vote.txt,2,1,2,updates,1,11714132845587693913,356,11714132845587693913,356,both,True,True,True
/home/kassym/Downloads/wiki-Vote.txt,2,1,2,updates,2,7661164425850038153,346,7661164425850038153,346,both,True,True,True
/home/kassym/Downloads/wiki-Vote.txt,2,1,2,updates,3,7663935027731004332,336,7663935027731004332,336,both,True,True,True
/home/kassym/Downloads/wiki-Vote.txt,2,1,2,updates,4,7059399840374394590,337,7059399840374394590,337,both,True,True,True
/home/kassym/Downloads/wiki-Vote.txt,2,1,2,updates,5,12750917626717065453,334,12750917626717065453,334,both,True,True,True
/home/kassym/Downloads/wiki-Vote.txt,2,1,2,updates,6,2942719399428690635,333,2942719399428690635,333,both,True,True,True
/home/kassym/Downloads/wiki-Vote.txt,2,1,2,updates,7,15260216469815730500,337,15260216469815730500,337,both,True,True,True
/home/kassym/Downloads/wiki-Vote.txt,2,1,2,updates,8,14223196523495059528,342,14223196523495059528,342,both,True,True,True
/home/kassym/Downloads/wiki-Vote.txt,2,1,2,updates,9,1278070777487113131,331,1278070777487113131,331,both,True,True,True
/home/kassym/Downloads/wiki-Vote.txt,2,1,2,updates,10,11330159333239573691,330,11330159333239573691,330,both,True,True,True
/home/kassym/Downloads/wiki-Vote.txt,2,1,3,initial_load,0,18066917280552027886,742,18066917280552027886,742,both,True,True,True
/home/kassym/Downloads/wiki-Vote.txt,2,1,3,updates,1,5455007563280726175,723,5455007563280726175,723,both,True,True,True
/home/kassym/Downloads/wiki-Vote.txt,2,1,3,updates,2,4995722764091102736,699,4995722764091102736,699,both,True,True,True
/home/kassym/Downloads/wiki-Vote.txt,2,1,3,updates,3,843995990975904181,712,843995990975904181,712,both,True,True,True
/home/kassym/Downloads/wiki-Vote.txt,2,1,3,updates,4,15167038543320491374,676,15167038543320491374,676,both,True,True,True
/home/kassym/Downloads/wiki-Vote.txt,2,1,3,updates,5,11690156240416338403,642,11690156240416338403,642,both,True,True,True
/home/kassym/Downloads/wiki-Vote.txt,2,1,3,updates,6,97647110569052451,664,97647110569052451,664,both,True,True,True
/home/kassym/Downloads/wiki-Vote.txt,2,1,3,updates,7,14716401467625326836,670,14716401467625326836,670,both,True,True,True
/home/kassym/Downloads/wiki-Vote.txt,2,1,3,updates,8,11863726119208858598,645,11863726119208858598,645,both,True,True,True
/home/kassym/Downloads/wiki-Vote.txt,2,1,3,updates,9,13255015871008347480,616,13255015871008347480,616,both,True,True,True
/home/kassym/Downloads/wiki-Vote.txt,2,1,3,updates,10,5898534788433583925,617,5898534788433583925,617,both,True,True,True
/home/kassym/Downloads/wiki-Vote.txt,2,2,2,initial_load,0,16383323890034458929,201,16383323890034458929,201,both,True,True,True
/home/kassym/Downloads/wiki-Vote.txt,2,2,2,updates,1,3800008530151157405,211,3800008530151157405,211,both,True,True,True
/home/kassym/Downloads/wiki-Vote.txt,2,2,2,updates,2,847072043802375055,205,847072043802375055,205,both,True,True,True
/home/kassym/Downloads/wiki-Vote.txt,2,2,2,updates,3,15003162847272917952,203,15003162847272917952,203,both,True,True,True
/home/kassym/Downloads/wiki-Vote.txt,2,2,2,updates,4,1103181955099301860,203,1103181955099301860,203,both,True,True,True
/home/kassym/Downloads/wiki-Vote.txt,2,2,2,updates,5,6178558279829174642,203,6178558279829174642,203,both,True,True,True
/home/kassym/Downloads/wiki-Vote.txt,2,2,2,updates,6,16438578778257138752,199,16438578778257138752,199,both,True,True,True
/home/kassym/Downloads/wiki-Vote.txt,2,2,2,updates,7,15299275925540612441,201,15299275925540612441,201,both,True,True,True
/home/kassym/Downloads/wiki-Vote.txt,2,2,2,updates,8,9257912745721753383,209,9257912745721753383,209,both,True,True,True
/home/kassym/Downloads/wiki-Vote.txt,2,2,2,updates,9,14126074534735242841,202,14126074534735242841,202,both,True,True,True
/home/kassym/Downloads/wiki-Vote.txt,2,2,2,updates,10,11445422907089151359,199,11445422907089151359,199,both,True,True,True
/home/kassym/Downloads/wiki-Vote.txt,2,2,3,initial_load,0,13447771959110016141,384,13447771959110016141,384,both,True,True,True
/home/kassym/Downloads/wiki-Vote.txt,2,2,3,updates,1,10412836284566093235,390,10412836284566093235,390,both,True,True,True
/home/kassym/Downloads/wiki-Vote.txt,2,2,3,updates,2,3047022605367669334,375,3047022605367669334,375,both,True,True,True
/home/kassym/Downloads/wiki-Vote.txt,2,2,3,updates,3,11043827524740704432,384,11043827524740704432,384,both,True,True,True
/home/kassym/Downloads/wiki-Vote.txt,2,2,3,updates,4,17444144113975922325,379,17444144113975922325,379,both,True,True,True
/home/kassym/Downloads/wiki-Vote.txt,2,2,3,updates,5,10711306941774729651,368,10711306941774729651,368,both,True,True,True
/home/kassym/Downloads/wiki-Vote.txt,2,2,3,updates,6,13916664796637006800,369,13916664796637006800,369,both,True,True,True
/home/kassym/Downloads/wiki-Vote.txt,2,2,3,updates,7,7834002617053128638,364,7834002617053128638,364,both,True,True,True
/home/kassym/Downloads/wiki-Vote.txt,2,2,3,updates,8,3263922479078808114,371,3263922479078808114,371,both,True,True,True
/home/kassym/Downloads/wiki-Vote.txt,2,2,3,updates,9,9377680210030203225,356,9377680210030203225,356,both,True,True,True
/home/kassym/Downloads/wiki-Vote.txt,2,2,3,updates,10,13184390162583638317,357,13184390162583638317,357,both,True,True,True
/home/kassym/Downloads/wiki-Vote.txt,2,3,3,initial_load,0,1416607952619646709,331,1416607952619646709,331,both,True,True,True
/home/kassym/Downloads/wiki-Vote.txt,2,3,3,updates,1,6813007277530622670,338,6813007277530622670,338,both,True,True,True
/home/kassym/Downloads/wiki-Vote.txt,2,3,3,updates,2,17431689912839141550,325,17431689912839141550,325,both,True,True,True
/home/kassym/Downloads/wiki-Vote.txt,2,3,3,updates,3,11438360923046168831,332,11438360923046168831,332,both,True,True,True
/home/kassym/Downloads/wiki-Vote.txt,2,3,3,updates,4,5253849287109306367,330,5253849287109306367,330,both,True,True,True
/home/kassym/Downloads/wiki-Vote.txt,2,3,3,updates,5,12746674351284239613,323,12746674351284239613,323,both,True,True,True
/home/kassym/Downloads/wiki-Vote.txt,2,3,3,updates,6,5689939939119605852,325,5689939939119605852,325,both,True,True,True
/home/kassym/Downloads/wiki-Vote.txt,2,3,3,updates,7,2699218656085478144,312,2699218656085478144,312,both,True,True,True
/home/kassym/Downloads/wiki-Vote.txt,2,3,3,updates,8,10159228085072277978,319,10159228085072277978,319,both,True,True,True
/home/kassym/Downloads/wiki-Vote.txt,2,3,3,updates,9,2994792708606603787,312,2994792708606603787,312,both,True,True,True
/home/kassym/Downloads/wiki-Vote.txt,2,3,3,updates,10,8029896317167120813,309,8029896317167120813,309,both,True,True,True
/home/kassym/Downloads/wiki-Vote.txt,3,1,1,initial_load,0,18080507440267070069,59,18080507440267070069,59,both,True,True,True
/home/kassym/Downloads/wiki-Vote.txt,3,1,1,updates,1,7696256305253700346,50,7696256305253700346,50,both,True,True,True
/home/kassym/Downloads/wiki-Vote.txt,3,1,1,updates,2,7562257419517148585,40,7562257419517148585,40,both,True,True,True
/home/kassym/Downloads/wiki-Vote.txt,3,1,1,updates,3,14574987434073928361,44,14574987434073928361,44,both,True,True,True
/home/kassym/Downloads/wiki-Vote.txt,3,1,1,updates,4,15804434977681248241,41,15804434977681248241,41,both,True,True,True
/home/kassym/Downloads/wiki-Vote.txt,3,1,1,updates,5,2164635393655033281,44,2164635393655033281,44,both,True,True,True
/home/kassym/Downloads/wiki-Vote.txt,3,1,1,updates,6,13027053859420365704,50,13027053859420365704,50,both,True,True,True
/home/kassym/Downloads/wiki-Vote.txt,3,1,1,updates,7,17790346106968748018,52,17790346106968748018,52,both,True,True,True
/home/kassym/Downloads/wiki-Vote.txt,3,1,1,updates,8,15559402406380736157,47,15559402406380736157,47,both,True,True,True
/home/kassym/Downloads/wiki-Vote.txt,3,1,1,updates,9,6128451232454817608,47,6128451232454817608,47,both,True,True,True
/home/kassym/Downloads/wiki-Vote.txt,3,1,1,updates,10,9342770235013740861,53,9342770235013740861,53,both,True,True,True
/home/kassym/Downloads/wiki-Vote.txt,3,1,2,initial_load,0,466727115731332905,60,466727115731332905,60,both,True,True,True
/home/kassym/Downloads/wiki-Vote.txt,3,1,2,updates,1,15297128704382117848,50,15297128704382117848,50,both,True,True,True
/home/kassym/Downloads/wiki-Vote.txt,3,1,2,updates,2,1573738126468181665,40,1573738126468181665,40,both,True,True,True
/home/kassym/Downloads/wiki-Vote.txt,3,1,2,updates,3,3466430262909671952,44,3466430262909671952,44,both,True,True,True
/home/kassym/Downloads/wiki-Vote.txt,3,1,2,updates,4,12800895931770101271,41,12800895931770101271,41,both,True,True,True
/home/kassym/Downloads/wiki-Vote.txt,3,1,2,updates,5,13277954077419718411,44,13277954077419718411,44,both,True,True,True
/home/kassym/Downloads/wiki-Vote.txt,3,1,2,updates,6,9054823595342089071,50,9054823595342089071,50,both,True,True,True
/home/kassym/Downloads/wiki-Vote.txt,3,1,2,updates,7,8662522246324421181,52,8662522246324421181,52,both,True,True,True
/home/kassym/Downloads/wiki-Vote.txt,3,1,2,updates,8,2113596053411929022,48,2113596053411929022,48,both,True,True,True
/home/kassym/Downloads/wiki-Vote.txt,3,1,2,updates,9,17338680748592016424,48,17338680748592016424,48,both,True,True,True
/home/kassym/Downloads/wiki-Vote.txt,3,1,2,updates,10,16251407709973656380,53,16251407709973656380,53,both,True,True,True
/home/kassym/Downloads/wiki-Vote.txt,3,1,3,initial_load,0,4458235118273447078,67,4458235118273447078,67,both,True,True,True
/home/kassym/Downloads/wiki-Vote.txt,3,1,3,updates,1,4295916054862289395,57,4295916054862289395,57,both,True,True,True
/home/kassym/Downloads/wiki-Vote.txt,3,1,3,updates,2,11450934676066350486,43,11450934676066350486,43,both,True,True,True
/home/kassym/Downloads/wiki-Vote.txt,3,1,3,updates,3,12583121416146900202,50,12583121416146900202,50,both,True,True,True
/home/kassym/Downloads/wiki-Vote.txt,3,1,3,updates,4,15352577420552258922,44,15352577420552258922,44,both,True,True,True
/home/kassym/Downloads/wiki-Vote.txt,3,1,3,updates,5,11142277790176215711,49,11142277790176215711,49,both,True,True,True
/home/kassym/Downloads/wiki-Vote.txt,3,1,3,updates,6,12487164717985611667,55,12487164717985611667,55,both,True,True,True
/home/kassym/Downloads/wiki-Vote.txt,3,1,3,updates,7,13104479479422546703,59,13104479479422546703,59,both,True,True,True
/home/kassym/Downloads/wiki-Vote.txt,3,1,3,updates,8,8888210477320671226,55,8888210477320671226,55,both,True,True,True
/home/kassym/Downloads/wiki-Vote.txt,3,1,3,updates,9,6635000435493050371,54,6635000435493050371,54,both,True,True,True
/home/kassym/Downloads/wiki-Vote.txt,3,1,3,updates,10,6342777254306443840,58,6342777254306443840,58,both,True,True,True
/home/kassym/Downloads/wiki-Vote.txt,3,1,4,initial_load,0,14193330309487653680,160,14193330309487653680,160,both,True,True,True
/home/kassym/Downloads/wiki-Vote.txt,3,1,4,updates,1,16717258664858869288,140,16717258664858869288,140,both,True,True,True
/home/kassym/Downloads/wiki-Vote.txt,3,1,4,updates,2,14754156971615721625,107,14754156971615721625,107,both,True,True,True
/home/kassym/Downloads/wiki-Vote.txt,3,1,4,updates,3,6399424282020809372,119,6399424282020809372,119,both,True,True,True
/home/kassym/Downloads/wiki-Vote.txt,3,1,4,updates,4,2672148129262216674,114,2672148129262216674,114,both,True,True,True
/home/kassym/Downloads/wiki-Vote.txt,3,1,4,updates,5,4822073095271954623,140,4822073095271954623,140,both,True,True,True
/home/kassym/Downloads/wiki-Vote.txt,3,1,4,updates,6,5311383203667468681,130,5311383203667468681,130,both,True,True,True
/home/kassym/Downloads/wiki-Vote.txt,3,1,4,updates,7,16743025017539322119,122,16743025017539322119,122,both,True,True,True
/home/kassym/Downloads/wiki-Vote.txt,3,1,4,updates,8,13184122677655311893,108,13184122677655311893,108,both,True,True,True
/home/kassym/Downloads/wiki-Vote.txt,3,1,4,updates,9,603468851169431721,88,603468851169431721,88,both,True,True,True
/home/kassym/Downloads/wiki-Vote.txt,3,1,4,updates,10,5622722040741227056,82,5622722040741227056,82,both,True,True,True
/home/kassym/Downloads/wiki-Vote.txt,3,2,2,initial_load,0,8325086560013483540,41,8325086560013483540,41,both,True,True,True
/home/kassym/Downloads/wiki-Vote.txt,3,2,2,updates,1,1841357758367859047,32,1841357758367859047,32,both,True,True,True
/home/kassym/Downloads/wiki-Vote.txt,3,2,2,updates,2,7716978177099309995,27,7716978177099309995,27,both,True,True,True
/home/kassym/Downloads/wiki-Vote.txt,3,2,2,updates,3,8661736540999048659,30,8661736540999048659,30,both,True,True,True
/home/kassym/Downloads/wiki-Vote.txt,3,2,2,updates,4,6794881994678024019,28,6794881994678024019,28,both,True,True,True
/home/kassym/Downloads/wiki-Vote.txt,3,2,2,updates,5,14589788291687258682,33,14589788291687258682,33,both,True,True,True
/home/kassym/Downloads/wiki-Vote.txt,3,2,2,updates,6,13528304076987862723,37,13528304076987862723,37,both,True,True,True
/home/kassym/Downloads/wiki-Vote.txt,3,2,2,updates,7,17004833336896493402,38,17004833336896493402,38,both,True,True,True
/home/kassym/Downloads/wiki-Vote.txt,3,2,2,updates,8,7336847672638438521,37,7336847672638438521,37,both,True,True,True
/home/kassym/Downloads/wiki-Vote.txt,3,2,2,updates,9,7774146860403396633,37,7774146860403396633,37,both,True,True,True
/home/kassym/Downloads/wiki-Vote.txt,3,2,2,updates,10,12530812952055411089,38,12530812952055411089,38,both,True,True,True
/home/kassym/Downloads/wiki-Vote.txt,3,2,3,initial_load,0,16596354308123965718,46,16596354308123965718,46,both,True,True,True
/home/kassym/Downloads/wiki-Vote.txt,3,2,3,updates,1,8292570774717730173,37,8292570774717730173,37,both,True,True,True
/home/kassym/Downloads/wiki-Vote.txt,3,2,3,updates,2,16304458092618792224,29,16304458092618792224,29,both,True,True,True
/home/kassym/Downloads/wiki-Vote.txt,3,2,3,updates,3,8337573949699564007,35,8337573949699564007,35,both,True,True,True
/home/kassym/Downloads/wiki-Vote.txt,3,2,3,updates,4,11627665750345574497,30,11627665750345574497,30,both,True,True,True
/home/kassym/Downloads/wiki-Vote.txt,3,2,3,updates,5,13221562426525175982,38,13221562426525175982,38,both,True,True,True
/home/kassym/Downloads/wiki-Vote.txt,3,2,3,updates,6,3412527254562386092,42,3412527254562386092,42,both,True,True,True
/home/kassym/Downloads/wiki-Vote.txt,3,2,3,updates,7,4127774861899566795,44,4127774861899566795,44,both,True,True,True
/home/kassym/Downloads/wiki-Vote.txt,3,2,3,updates,8,3425439198416600872,43,3425439198416600872,43,both,True,True,True
/home/kassym/Downloads/wiki-Vote.txt,3,2,3,updates,9,7899662207432498345,43,7899662207432498345,43,both,True,True,True
/home/kassym/Downloads/wiki-Vote.txt,3,2,3,updates,10,11971985542830822002,43,11971985542830822002,43,both,True,True,True
/home/kassym/Downloads/wiki-Vote.txt,3,2,4,initial_load,0,1881132341562946505,99,1881132341562946505,99,both,True,True,True
/home/kassym/Downloads/wiki-Vote.txt,3,2,4,updates,1,14036337619166025425,80,14036337619166025425,80,both,True,True,True
/home/kassym/Downloads/wiki-Vote.txt,3,2,4,updates,2,9826651208257761074,69,9826651208257761074,69,both,True,True,True
/home/kassym/Downloads/wiki-Vote.txt,3,2,4,updates,3,863509635544566726,77,863509635544566726,77,both,True,True,True
/home/kassym/Downloads/wiki-Vote.txt,3,2,4,updates,4,7751419766930581301,74,7751419766930581301,74,both,True,True,True
/home/kassym/Downloads/wiki-Vote.txt,3,2,4,updates,5,523485275451790329,93,523485275451790329,93,both,True,True,True
/home/kassym/Downloads/wiki-Vote.txt,3,2,4,updates,6,6804346258594600494,98,6804346258594600494,98,both,True,True,True
/home/kassym/Downloads/wiki-Vote.txt,3,2,4,updates,7,1632413193872199301,97,1632413193872199301,97,both,True,True,True
/home/kassym/Downloads/wiki-Vote.txt,3,2,4,updates,8,8473911012563851242,86,8473911012563851242,86,both,True,True,True
/home/kassym/Downloads/wiki-Vote.txt,3,2,4,updates,9,8010018989847940448,73,8010018989847940448,73,both,True,True,True
/home/kassym/Downloads/wiki-Vote.txt,3,2,4,updates,10,3300862524115151709,61,3300862524115151709,61,both,True,True,True
/home/kassym/Downloads/wiki-Vote.txt,3,3,3,initial_load,0,17966070088194368824,42,17966070088194368824,42,both,True,True,True
/home/kassym/Downloads/wiki-Vote.txt,3,3,3,updates,1,3063484154012180387,35,3063484154012180387,35,both,True,True,True
/home/kassym/Downloads/wiki-Vote.txt,3,3,3,updates,2,7016385399632518398,26,7016385399632518398,26,both,True,True,True
/home/kassym/Downloads/wiki-Vote.txt,3,3,3,updates,3,14678773782691425525,32,14678773782691425525,32,both,True,True,True
/home/kassym/Downloads/wiki-Vote.txt,3,3,3,updates,4,14745001626281061889,27,14745001626281061889,27,both,True,True,True
/home/kassym/Downloads/wiki-Vote.txt,3,3,3,updates,5,17781389810798028251,33,17781389810798028251,33,both,True,True,True
/home/kassym/Downloads/wiki-Vote.txt,3,3,3,updates,6,16812525113890949358,36,16812525113890949358,36,both,True,True,True
/home/kassym/Downloads/wiki-Vote.txt,3,3,3,updates,7,4881158161086781674,39,4881158161086781674,39,both,True,True,True
/home/kassym/Downloads/wiki-Vote.txt,3,3,3,updates,8,15920767413868205820,37,15920767413868205820,37,both,True,True,True
/home/kassym/Downloads/wiki-Vote.txt,3,3,3,updates,9,1272033910313342981,39,1272033910313342981,39,both,True,True,True
/home/kassym/Downloads/wiki-Vote.txt,3,3,3,updates,10,17533504151873785838,40,17533504151873785838,40,both,True,True,True
/home/kassym/Downloads/wiki-Vote.txt,3,3,4,initial_load,0,7815685172898746905,92,7815685172898746905,92,both,True,True,True
/home/kassym/Downloads/wiki-Vote.txt,3,3,4,updates,1,12247776991956055326,76,12247776991956055326,76,both,True,True,True
/home/kassym/Downloads/wiki-Vote.txt,3,3,4,updates,2,10417224583947373747,64,10417224583947373747,64,both,True,True,True
/home/kassym/Downloads/wiki-Vote.txt,3,3,4,updates,3,12295129151394342737,72,12295129151394342737,72,both,True,True,True
/home/kassym/Downloads/wiki-Vote.txt,3,3,4,updates,4,17813488324127036916,65,17813488324127036916,65,both,True,True,True
/home/kassym/Downloads/wiki-Vote.txt,3,3,4,updates,5,18205673666115398264,81,18205673666115398264,81,both,True,True,True
/home/kassym/Downloads/wiki-Vote.txt,3,3,4,updates,6,12771663162894539442,86,12771663162894539442,86,both,True,True,True
/home/kassym/Downloads/wiki-Vote.txt,3,3,4,updates,7,9946551533848823944,87,9946551533848823944,87,both,True,True,True
/home/kassym/Downloads/wiki-Vote.txt,3,3,4,updates,8,6808879099299321181,75,6808879099299321181,75,both,True,True,True
/home/kassym/Downloads/wiki-Vote.txt,3,3,4,updates,9,15420859030044718313,67,15420859030044718313,67,both,True,True,True
/home/kassym/Downloads/wiki-Vote.txt,3,3,4,updates,10,3032199326318680311,58,3032199326318680311,58,both,True,True,True
/home/kassym/Downloads/wiki-Vote.txt,3,4,4,initial_load,0,14703564150644900992,85,14703564150644900992,85,both,True,True,True
/home/kassym/Downloads/wiki-Vote.txt,3,4,4,updates,1,16299440227597306092,72,16299440227597306092,72,both,True,True,True
/home/kassym/Downloads/wiki-Vote.txt,3,4,4,updates,2,1784267890598518644,62,1784267890598518644,62,both,True,True,True
/home/kassym/Downloads/wiki-Vote.txt,3,4,4,updates,3,7433263139360263278,70,7433263139360263278,70,both,True,True,True
/home/kassym/Downloads/wiki-Vote.txt,3,4,4,updates,4,3206312674087405562,64,3206312674087405562,64,both,True,True,True
/home/kassym/Downloads/wiki-Vote.txt,3,4,4,updates,5,7114596780264503738,79,7114596780264503738,79,both,True,True,True
/home/kassym/Downloads/wiki-Vote.txt,3,4,4,updates,6,6351227554102082931,84,6351227554102082931,84,both,True,True,True
/home/kassym/Downloads/wiki-Vote.txt,3,4,4,updates,7,8961948656022629289,84,8961948656022629289,84,both,True,True,True
/home/kassym/Downloads/wiki-Vote.txt,3,4,4,updates,8,15630977542732093034,74,15630977542732093034,74,both,True,True,True
/home/kassym/Downloads/wiki-Vote.txt,3,4,4,updates,9,14946012679687656717,65,14946012679687656717,65,both,True,True,True
/home/kassym/Downloads/wiki-Vote.txt,3,4,4,updates,10,8069440023520929759,57,8069440023520929759,57,both,True,True,True
/home/kassym/Downloads/wiki-Vote.txt,4,1,1,initial_load,0,3570244961962224214,2,3570244961962224214,2,both,True,True,True
/home/kassym/Downloads/wiki-Vote.txt,4,1,1,updates,1,6978802956500056968,4,6978802956500056968,4,both,True,True,True
/home/kassym/Downloads/wiki-Vote.txt,4,1,1,updates,2,6761304435944836186,8,6761304435944836186,8,both,True,True,True
/home/kassym/Downloads/wiki-Vote.txt,4,1,1,updates,3,12903111164871542602,10,12903111164871542602,10,both,True,True,True
/home/kassym/Downloads/wiki-Vote.txt,4,1,1,updates,4,6619463206082403846,9,6619463206082403846,9,both,True,True,True
/home/kassym/Downloads/wiki-Vote.txt,4,1,1,updates,5,8440281954054834550,7,8440281954054834550,7,both,True,True,True
/home/kassym/Downloads/wiki-Vote.txt,4,1,1,updates,6,9992943543226094854,5,9992943543226094854,5,both,True,True,True
/home/kassym/Downloads/wiki-Vote.txt,4,1,1,updates,7,10611184518123695291,5,10611184518123695291,5,both,True,True,True
/home/kassym/Downloads/wiki-Vote.txt,4,1,1,updates,8,12433274444600334634,5,12433274444600334634,5,both,True,True,True
/home/kassym/Downloads/wiki-Vote.txt,4,1,1,updates,9,13780193189679941558,6,13780193189679941558,6,both,True,True,True
/home/kassym/Downloads/wiki-Vote.txt,4,1,1,updates,10,16395930892019249026,5,16395930892019249026,5,both,True,True,True
/home/kassym/Downloads/wiki-Vote.txt,4,1,2,initial_load,0,5761708436934939116,2,5761708436934939116,2,both,True,True,True
/home/kassym/Downloads/wiki-Vote.txt,4,1,2,updates,1,14760071608144511745,4,14760071608144511745,4,both,True,True,True
/home/kassym/Downloads/wiki-Vote.txt,4,1,2,updates,2,12923569641825408157,8,12923569641825408157,8,both,True,True,True
/home/kassym/Downloads/wiki-Vote.txt,4,1,2,updates,3,5838868939832714239,10,5838868939832714239,10,both,True,True,True
/home/kassym/Downloads/wiki-Vote.txt,4,1,2,updates,4,16701168759141162567,9,16701168759141162567,9,both,True,True,True
/home/kassym/Downloads/wiki-Vote.txt,4,1,2,updates,5,358560050904880376,7,358560050904880376,7,both,True,True,True
/home/kassym/Downloads/wiki-Vote.txt,4,1,2,updates,6,13561357951597670473,5,13561357951597670473,5,both,True,True,True
/home/kassym/Downloads/wiki-Vote.txt,4,1,2,updates,7,5998139648276003470,5,5998139648276003470,5,both,True,True,True
/home/kassym/Downloads/wiki-Vote.txt,4,1,2,updates,8,10261719468621832227,5,10261719468621832227,5,both,True,True,True
/home/kassym/Downloads/wiki-Vote.txt,4,1,2,updates,9,12758428586889651465,6,12758428586889651465,6,both,True,True,True
/home/kassym/Downloads/wiki-Vote.txt,4,1,2,updates,10,379233436999593138,5,379233436999593138,5,both,True,True,True
/home/kassym/Downloads/wiki-Vote.txt,4,1,3,initial_load,0,4380603594099010032,2,4380603594099010032,2,both,True,True,True
/home/kassym/Downloads/wiki-Vote.txt,4,1,3,updates,1,12733734597763535196,4,12733734597763535196,4,both,True,True,True
/home/kassym/Downloads/wiki-Vote.txt,4,1,3,updates,2,15891834372016707793,8,15891834372016707793,8,both,True,True,True
/home/kassym/Downloads/wiki-Vote.txt,4,1,3,updates,3,17230962450891959221,12,17230962450891959221,12,both,True,True,True
/home/kassym/Downloads/wiki-Vote.txt,4,1,3,updates,4,11423820232533782412,11,11423820232533782412,11,both,True,True,True
/home/kassym/Downloads/wiki-Vote.txt,4,1,3,updates,5,3919182674338152387,7,3919182674338152387,7,both,True,True,True
/home/kassym/Downloads/wiki-Vote.txt,4,1,3,updates,6,10668109514201273298,5,10668109514201273298,5,both,True,True,True
/home/kassym/Downloads/wiki-Vote.txt,4,1,3,updates,7,16360996222113186512,5,16360996222113186512,5,both,True,True,True
/home/kassym/Downloads/wiki-Vote.txt,4,1,3,updates,8,8702442774432526335,5,8702442774432526335,5,both,True,True,True
/home/kassym/Downloads/wiki-Vote.txt,4,1,3,updates,9,12084561467343659212,6,12084561467343659212,6,both,True,True,True
/home/kassym/Downloads/wiki-Vote.txt,4,1,3,updates,10,10305632743639393602,5,10305632743639393602,5,both,True,True,True
/home/kassym/Downloads/wiki-Vote.txt,4,1,4,initial_load,0,9136702977872017800,3,9136702977872017800,3,both,True,True,True
/home/kassym/Downloads/wiki-Vote.txt,4,1,4,updates,1,5699544726662622327,7,5699544726662622327,7,both,True,True,True
/home/kassym/Downloads/wiki-Vote.txt,4,1,4,updates,2,16194213925576545064,10,16194213925576545064,10,both,True,True,True
/home/kassym/Downloads/wiki-Vote.txt,4,1,4,updates,3,14057480702810538853,15,14057480702810538853,15,both,True,True,True
/home/kassym/Downloads/wiki-Vote.txt,4,1,4,updates,4,14920760162428859077,14,14920760162428859077,14,both,True,True,True
/home/kassym/Downloads/wiki-Vote.txt,4,1,4,updates,5,9103761757636079175,7,9103761757636079175,7,both,True,True,True
/home/kassym/Downloads/wiki-Vote.txt,4,1,4,updates,6,7993785878082583888,5,7993785878082583888,5,both,True,True,True
/home/kassym/Downloads/wiki-Vote.txt,4,1,4,updates,7,1271977187725664446,5,1271977187725664446,5,both,True,True,True
/home/kassym/Downloads/wiki-Vote.txt,4,1,4,updates,8,4367863616653814401,5,4367863616653814401,5,both,True,True,True
/home/kassym/Downloads/wiki-Vote.txt,4,1,4,updates,9,16905478514752382397,7,16905478514752382397,7,both,True,True,True
/home/kassym/Downloads/wiki-Vote.txt,4,1,4,updates,10,11779568178712781985,6,11779568178712781985,6,both,True,True,True
/home/kassym/Downloads/wiki-Vote.txt,4,1,5,initial_load,0,8873830558909631969,4,8873830558909631969,4,both,True,True,True
/home/kassym/Downloads/wiki-Vote.txt,4,1,5,updates,1,6473035305509641048,10,6473035305509641048,10,both,True,True,True
/home/kassym/Downloads/wiki-Vote.txt,4,1,5,updates,2,11895164671219393835,12,11895164671219393835,12,both,True,True,True
/home/kassym/Downloads/wiki-Vote.txt,4,1,5,updates,3,5869439837579233997,20,5869439837579233997,20,both,True,True,True
/home/kassym/Downloads/wiki-Vote.txt,4,1,5,updates,4,10364335101812080744,16,10364335101812080744,16,both,True,True,True
/home/kassym/Downloads/wiki-Vote.txt,4,1,5,updates,5,10454830543530994234,7,10454830543530994234,7,both,True,True,True
/home/kassym/Downloads/wiki-Vote.txt,4,1,5,updates,6,10804725563212145555,5,10804725563212145555,5,both,True,True,True
/home/kassym/Downloads/wiki-Vote.txt,4,1,5,updates,7,6178149800975720500,6,6178149800975720500,6,both,True,True,True
/home/kassym/Downloads/wiki-Vote.txt,4,1,5,updates,8,7378380225077298771,5,7378380225077298771,5,both,True,True,True
/home/kassym/Downloads/wiki-Vote.txt,4,1,5,updates,9,5559704212213234480,11,5559704212213234480,11,both,True,True,True
/home/kassym/Downloads/wiki-Vote.txt,4,1,5,updates,10,8119610492009324936,6,8119610492009324936,6,both,True,True,True
/home/kassym/Downloads/wiki-Vote.txt,4,2,2,initial_load,0,10290557074698366357,2,10290557074698366357,2,both,True,True,True
/home/kassym/Downloads/wiki-Vote.txt,4,2,2,updates,1,7599564542550356078,4,7599564542550356078,4,both,True,True,True
/home/kassym/Downloads/wiki-Vote.txt,4,2,2,updates,2,8873109752417555283,6,8873109752417555283,6,both,True,True,True
/home/kassym/Downloads/wiki-Vote.txt,4,2,2,updates,3,9169619422982045562,7,9169619422982045562,7,both,True,True,True
/home/kassym/Downloads/wiki-Vote.txt,4,2,2,updates,4,10380898389192283294,7,10380898389192283294,7,both,True,True,True
/home/kassym/Downloads/wiki-Vote.txt,4,2,2,updates,5,11518579543644050938,5,11518579543644050938,5,both,True,True,True
/home/kassym/Downloads/wiki-Vote.txt,4,2,2,updates,6,16595509808641749606,4,16595509808641749606,4,both,True,True,True
/home/kassym/Downloads/wiki-Vote.txt,4,2,2,updates,7,6786876580776698247,4,6786876580776698247,4,both,True,True,True
/home/kassym/Downloads/wiki-Vote.txt,4,2,2,updates,8,8648865473398500,4,8648865473398500,4,both,True,True,True
/home/kassym/Downloads/wiki-Vote.txt,4,2,2,updates,9,9974276658490178692,5,9974276658490178692,5,both,True,True,True
/home/kassym/Downloads/wiki-Vote.txt,4,2,2,updates,10,9255433570405058348,4,9255433570405058348,4,both,True,True,True
/home/kassym/Downloads/wiki-Vote.txt,4,2,3,initial_load,0,4831953682844066859,2,4831953682844066859,2,both,True,True,True
/home/kassym/Downloads/wiki-Vote.txt,4,2,3,updates,1,7634924535299787801,4,7634924535299787801,4,both,True,True,True
/home/kassym/Downloads/wiki-Vote.txt,4,2,3,updates,2,844201176664549725,6,844201176664549725,6,both,True,True,True
/home/kassym/Downloads/wiki-Vote.txt,4,2,3,updates,3,9920737213354845407,8,9920737213354845407,8,both,True,True,True
/home/kassym/Downloads/wiki-Vote.txt,4,2,3,updates,4,5525117479782806971,8,5525117479782806971,8,both,True,True,True
/home/kassym/Downloads/wiki-Vote.txt,4,2,3,updates,5,14242544029453871677,5,14242544029453871677,5,both,True,True,True
/home/kassym/Downloads/wiki-Vote.txt,4,2,3,updates,6,11197405339591376772,4,11197405339591376772,4,both,True,True,True
/home/kassym/Downloads/wiki-Vote.txt,4,2,3,updates,7,14049216640664803198,4,14049216640664803198,4,both,True,True,True
/home/kassym/Downloads/wiki-Vote.txt,4,2,3,updates,8,15956009266511291797,4,15956009266511291797,4,both,True,True,True
/home/kassym/Downloads/wiki-Vote.txt,4,2,3,updates,9,12572394083188642780,5,12572394083188642780,5,both,True,True,True
/home/kassym/Downloads/wiki-Vote.txt,4,2,3,updates,10,2499963378299627483,4,2499963378299627483,4,both,True,True,True
/home/kassym/Downloads/wiki-Vote.txt,4,2,4,initial_load,0,1047074298004410922,3,1047074298004410922,3,both,True,True,True
/home/kassym/Downloads/wiki-Vote.txt,4,2,4,updates,1,3367967279558977989,7,3367967279558977989,7,both,True,True,True
/home/kassym/Downloads/wiki-Vote.txt,4,2,4,updates,2,8200004220306517887,8,8200004220306517887,8,both,True,True,True
/home/kassym/Downloads/wiki-Vote.txt,4,2,4,updates,3,11142624180568158867,10,11142624180568158867,10,both,True,True,True
/home/kassym/Downloads/wiki-Vote.txt,4,2,4,updates,4,8656118468162870309,10,8656118468162870309,10,both,True,True,True
/home/kassym/Downloads/wiki-Vote.txt,4,2,4,updates,5,7931994731792871007,5,7931994731792871007,5,both,True,True,True
/home/kassym/Downloads/wiki-Vote.txt,4,2,4,updates,6,1389168490722597786,4,1389168490722597786,4,both,True,True,True
/home/kassym/Downloads/wiki-Vote.txt,4,2,4,updates,7,4956820348173336088,4,4956820348173336088,4,both,True,True,True
/home/kassym/Downloads/wiki-Vote.txt,4,2,4,updates,8,8436094432008275533,4,8436094432008275533,4,both,True,True,True
/home/kassym/Downloads/wiki-Vote.txt,4,2,4,updates,9,6607877241344718856,6,6607877241344718856,6,both,True,True,True
/home/kassym/Downloads/wiki-Vote.txt,4,2,4,updates,10,6617107136899188265,5,6617107136899188265,5,both,True,True,True
/home/kassym/Downloads/wiki-Vote.txt,4,2,5,initial_load,0,9580615242682901308,4,9580615242682901308,4,both,True,True,True
/home/kassym/Downloads/wiki-Vote.txt,4,2,5,updates,1,9512080986291606879,10,9512080986291606879,10,both,True,True,True
/home/kassym/Downloads/wiki-Vote.txt,4,2,5,updates,2,1126230303916448371,10,1126230303916448371,10,both,True,True,True
/home/kassym/Downloads/wiki-Vote.txt,4,2,5,updates,3,15118748120587615153,14,15118748120587615153,14,both,True,True,True
/home/kassym/Downloads/wiki-Vote.txt,4,2,5,updates,4,16303068009923244306,12,16303068009923244306,12,both,True,True,True
/home/kassym/Downloads/wiki-Vote.txt,4,2,5,updates,5,688979719709356993,5,688979719709356993,5,both,True,True,True
/home/kassym/Downloads/wiki-Vote.txt,4,2,5,updates,6,11474106384645021785,4,11474106384645021785,4,both,True,True,True
/home/kassym/Downloads/wiki-Vote.txt,4,2,5,updates,7,7897825580311350719,5,7897825580311350719,5,both,True,True,True
/home/kassym/Downloads/wiki-Vote.txt,4,2,5,updates,8,3928085938431763636,4,3928085938431763636,4,both,True,True,True
/home/kassym/Downloads/wiki-Vote.txt,4,2,5,updates,9,2936234878714011462,10,2936234878714011462,10,both,True,True,True
/home/kassym/Downloads/wiki-Vote.txt,4,2,5,updates,10,7872677795402670291,5,7872677795402670291,5,both,True,True,True
/home/kassym/Downloads/wiki-Vote.txt,4,3,3,initial_load,0,18367515667946489171,2,18367515667946489171,2,both,True,True,True
/home/kassym/Downloads/wiki-Vote.txt,4,3,3,updates,1,7359331626567763586,4,7359331626567763586,4,both,True,True,True
/home/kassym/Downloads/wiki-Vote.txt,4,3,3,updates,2,12805927044334969437,4,12805927044334969437,4,both,True,True,True
/home/kassym/Downloads/wiki-Vote.txt,4,3,3,updates,3,15467160236521590916,5,15467160236521590916,5,both,True,True,True
/home/kassym/Downloads/wiki-Vote.txt,4,3,3,updates,4,8959715964122084732,5,8959715964122084732,5,both,True,True,True
/home/kassym/Downloads/wiki-Vote.txt,4,3,3,updates,5,15949391472325726610,4,15949391472325726610,4,both,True,True,True
/home/kassym/Downloads/wiki-Vote.txt,4,3,3,updates,6,17741284649724555688,4,17741284649724555688,4,both,True,True,True
/home/kassym/Downloads/wiki-Vote.txt,4,3,3,updates,7,4053513374372558938,4,4053513374372558938,4,both,True,True,True
/home/kassym/Downloads/wiki-Vote.txt,4,3,3,updates,8,12680684321733948919,4,12680684321733948919,4,both,True,True,True
/home/kassym/Downloads/wiki-Vote.txt,4,3,3,updates,9,11342346986820392668,5,11342346986820392668,5,both,True,True,True
/home/kassym/Downloads/wiki-Vote.txt,4,3,3,updates,10,2311591364246001744,4,2311591364246001744,4,both,True,True,True
/home/kassym/Downloads/wiki-Vote.txt,4,3,4,initial_load,0,16935325537260915956,3,16935325537260915956,3,both,True,True,True
/home/kassym/Downloads/wiki-Vote.txt,4,3,4,updates,1,13397580202472265,7,13397580202472265,7,both,True,True,True
/home/kassym/Downloads/wiki-Vote.txt,4,3,4,updates,2,17495310462980947434,5,17495310462980947434,5,both,True,True,True
/home/kassym/Downloads/wiki-Vote.txt,4,3,4,updates,3,4226073731517806443,6,4226073731517806443,6,both,True,True,True
/home/kassym/Downloads/wiki-Vote.txt,4,3,4,updates,4,2391141291335662899,6,2391141291335662899,6,both,True,True,True
/home/kassym/Downloads/wiki-Vote.txt,4,3,4,updates,5,14230213377684421824,4,14230213377684421824,4,both,True,True,True
/home/kassym/Downloads/wiki-Vote.txt,4,3,4,updates,6,2343046663228694102,4,2343046663228694102,4,both,True,True,True
/home/kassym/Downloads/wiki-Vote.txt,4,3,4,updates,7,13237439082833837214,4,13237439082833837214,4,both,True,True,True
/home/kassym/Downloads/wiki-Vote.txt,4,3,4,updates,8,11043525336040527057,4,11043525336040527057,4,both,True,True,True
/home/kassym/Downloads/wiki-Vote.txt,4,3,4,updates,9,625414235245363733,6,625414235245363733,6,both,True,True,True
/home/kassym/Downloads/wiki-Vote.txt,4,3,4,updates,10,4478026635983455795,5,4478026635983455795,5,both,True,True,True
/home/kassym/Downloads/wiki-Vote.txt,4,3,5,initial_load,0,10672230413085345888,4,10672230413085345888,4,both,True,True,True
/home/kassym/Downloads/wiki-Vote.txt,4,3,5,updates,1,13740677841386860497,10,13740677841386860497,10,both,True,True,True
/home/kassym/Downloads/wiki-Vote.txt,4,3,5,updates,2,4382169449414392396,7,4382169449414392396,7,both,True,True,True
/home/kassym/Downloads/wiki-Vote.txt,4,3,5,updates,3,12208596613079814438,9,12208596613079814438,9,both,True,True,True
/home/kassym/Downloads/wiki-Vote.txt,4,3,5,updates,4,10498584061497650620,8,10498584061497650620,8,both,True,True,True
/home/kassym/Downloads/wiki-Vote.txt,4,3,5,updates,5,1671587706429209018,4,1671587706429209018,4,both,True,True,True
/home/kassym/Downloads/wiki-Vote.txt,4,3,5,updates,6,12501437861733899531,4,12501437861733899531,4,both,True,True,True
/home/kassym/Downloads/wiki-Vote.txt,4,3,5,updates,7,17682243357778521305,5,17682243357778521305,5,both,True,True,True
/home/kassym/Downloads/wiki-Vote.txt,4,3,5,updates,8,13257009398689653680,4,13257009398689653680,4,both,True,True,True
/home/kassym/Downloads/wiki-Vote.txt,4,3,5,updates,9,5541471007212958359,10,5541471007212958359,10,both,True,True,True
/home/kassym/Downloads/wiki-Vote.txt,4,3,5,updates,10,11307779016853428831,5,11307779016853428831,5,both,True,True,True
/home/kassym/Downloads/wiki-Vote.txt,4,4,4,initial_load,0,14486173535068101067,3,14486173535068101067,3,both,True,True,True
/home/kassym/Downloads/wiki-Vote.txt,4,4,4,updates,1,4885824843130491048,7,4885824843130491048,7,both,True,True,True
/home/kassym/Downloads/wiki-Vote.txt,4,4,4,updates,2,17328494428858118207,5,17328494428858118207,5,both,True,True,True
/home/kassym/Downloads/wiki-Vote.txt,4,4,4,updates,3,730962547094896931,6,730962547094896931,6,both,True,True,True
/home/kassym/Downloads/wiki-Vote.txt,4,4,4,updates,4,3723376958828514095,6,3723376958828514095,6,both,True,True,True
/home/kassym/Downloads/wiki-Vote.txt,4,4,4,updates,5,9826332532768591660,4,9826332532768591660,4,both,True,True,True
/home/kassym/Downloads/wiki-Vote.txt,4,4,4,updates,6,5738839876124908210,4,5738839876124908210,4,both,True,True,True
/home/kassym/Downloads/wiki-Vote.txt,4,4,4,updates,7,15346701669920427721,4,15346701669920427721,4,both,True,True,True
/home/kassym/Downloads/wiki-Vote.txt,4,4,4,updates,8,12226828629601629058,4,12226828629601629058,4,both,True,True,True
/home/kassym/Downloads/wiki-Vote.txt,4,4,4,updates,9,73491234376205896,6,73491234376205896,6,both,True,True,True
/home/kassym/Downloads/wiki-Vote.txt,4,4,4,updates,10,15158678660166888153,5,15158678660166888153,5,both,True,True,True
/home/kassym/Downloads/wiki-Vote.txt,4,4,5,initial_load,0,1491236908392157850,4,1491236908392157850,4,both,True,True,True
/home/kassym/Downloads/wiki-Vote.txt,4,4,5,updates,1,3869236789034627823,10,3869236789034627823,10,both,True,True,True
/home/kassym/Downloads/wiki-Vote.txt,4,4,5,updates,2,6763417314473856571,7,6763417314473856571,7,both,True,True,True
/home/kassym/Downloads/wiki-Vote.txt,4,4,5,updates,3,9740410162026037443,9,9740410162026037443,9,both,True,True,True
/home/kassym/Downloads/wiki-Vote.txt,4,4,5,updates,4,5824074255392344848,8,5824074255392344848,8,both,True,True,True
/home/kassym/Downloads/wiki-Vote.txt,4,4,5,updates,5,15844021523745215786,4,15844021523745215786,4,both,True,True,True
/home/kassym/Downloads/wiki-Vote.txt,4,4,5,updates,6,17938019835206580847,4,17938019835206580847,4,both,True,True,True
/home/kassym/Downloads/wiki-Vote.txt,4,4,5,updates,7,15552907348977435124,5,15552907348977435124,5,both,True,True,True
/home/kassym/Downloads/wiki-Vote.txt,4,4,5,updates,8,566730173614597203,4,566730173614597203,4,both,True,True,True
/home/kassym/Downloads/wiki-Vote.txt,4,4,5,updates,9,9688796196580977412,10,9688796196580977412,10,both,True,True,True
/home/kassym/Downloads/wiki-Vote.txt,4,4,5,updates,10,7536855671847570849,5,7536855671847570849,5,both,True,True,True
/home/kassym/Downloads/wiki-Vote.txt,4,5,5,initial_load,0,15920777680422543873,4,15920777680422543873,4,both,True,True,True
/home/kassym/Downloads/wiki-Vote.txt,4,5,5,updates,1,18024432056884974003,10,18024432056884974003,10,both,True,True,True
/home/kassym/Downloads/wiki-Vote.txt,4,5,5,updates,2,8651782793542049429,7,8651782793542049429,7,both,True,True,True
/home/kassym/Downloads/wiki-Vote.txt,4,5,5,updates,3,17527698633392371169,9,17527698633392371169,9,both,True,True,True
/home/kassym/Downloads/wiki-Vote.txt,4,5,5,updates,4,16490311962780346826,8,16490311962780346826,8,both,True,True,True
/home/kassym/Downloads/wiki-Vote.txt,4,5,5,updates,5,15798795614398306584,4,15798795614398306584,4,both,True,True,True
/home/kassym/Downloads/wiki-Vote.txt,4,5,5,updates,6,6918951509249344815,4,6918951509249344815,4,both,True,True,True
/home/kassym/Downloads/wiki-Vote.txt,4,5,5,updates,7,13239209899756634655,5,13239209899756634655,5,both,True,True,True
/home/kassym/Downloads/wiki-Vote.txt,4,5,5,updates,8,636651122647947305,4,636651122647947305,4,both,True,True,True
/home/kassym/Downloads/wiki-Vote.txt,4,5,5,updates,9,15710730376205166169,10,15710730376205166169,10,both,True,True,True
/home/kassym/Downloads/wiki-Vote.txt,4,5,5,updates,10,3754878398970656075,5,3754878398970656075,5,both,True,True,True
/home/kassym/Downloads/wiki-Vote.txt,5,1,1,initial_load,0,1469598103934665603,0,1469598103934665603,0,both,True,True,True
/home/kassym/Downloads/wiki-Vote.txt,5,1,1,updates,1,1469598103934665603,0,1469598103934665603,0,both,True,True,True
/home/kassym/Downloads/wiki-Vote.txt,5,1,1,updates,2,17905218173806665218,1,17905218173806665218,1,both,True,True,True
/home/kassym/Downloads/wiki-Vote.txt,5,1,1,updates,3,17905218173806665218,1,17905218173806665218,1,both,True,True,True
/home/kassym/Downloads/wiki-Vote.txt,5,1,1,updates,4,1469598103934665603,0,1469598103934665603,0,both,True,True,True
/home/kassym/Downloads/wiki-Vote.txt,5,1,1,updates,5,1469598103934665603,0,1469598103934665603,0,both,True,True,True
/home/kassym/Downloads/wiki-Vote.txt,5,1,1,updates,6,11219818421134071500,3,11219818421134071500,3,both,True,True,True
/home/kassym/Downloads/wiki-Vote.txt,5,1,1,updates,7,2266175434201811683,4,2266175434201811683,4,both,True,True,True
/home/kassym/Downloads/wiki-Vote.txt,5,1,1,updates,8,11219818421134071500,3,11219818421134071500,3,both,True,True,True
/home/kassym/Downloads/wiki-Vote.txt,5,1,1,updates,9,732143711629178074,5,732143711629178074,5,both,True,True,True
/home/kassym/Downloads/wiki-Vote.txt,5,1,1,updates,10,1469598103934665603,0,1469598103934665603,0,both,True,True,True
/home/kassym/Downloads/wiki-Vote.txt,5,1,2,initial_load,0,1469598103934665603,0,1469598103934665603,0,both,True,True,True
/home/kassym/Downloads/wiki-Vote.txt,5,1,2,updates,1,1469598103934665603,0,1469598103934665603,0,both,True,True,True
/home/kassym/Downloads/wiki-Vote.txt,5,1,2,updates,2,10819758871136627381,1,10819758871136627381,1,both,True,True,True
/home/kassym/Downloads/wiki-Vote.txt,5,1,2,updates,3,10819758871136627381,1,10819758871136627381,1,both,True,True,True
/home/kassym/Downloads/wiki-Vote.txt,5,1,2,updates,4,1469598103934665603,0,1469598103934665603,0,both,True,True,True
/home/kassym/Downloads/wiki-Vote.txt,5,1,2,updates,5,1469598103934665603,0,1469598103934665603,0,both,True,True,True
/home/kassym/Downloads/wiki-Vote.txt,5,1,2,updates,6,749544406820014115,3,749544406820014115,3,both,True,True,True
/home/kassym/Downloads/wiki-Vote.txt,5,1,2,updates,7,6965113650890655705,4,6965113650890655705,4,both,True,True,True
/home/kassym/Downloads/wiki-Vote.txt,5,1,2,updates,8,749544406820014115,3,749544406820014115,3,both,True,True,True
/home/kassym/Downloads/wiki-Vote.txt,5,1,2,updates,9,11029171476734458389,5,11029171476734458389,5,both,True,True,True
/home/kassym/Downloads/wiki-Vote.txt,5,1,2,updates,10,1469598103934665603,0,1469598103934665603,0,both,True,True,True
/home/kassym/Downloads/wiki-Vote.txt,5,1,3,initial_load,0,1469598103934665603,0,1469598103934665603,0,both,True,True,True
/home/kassym/Downloads/wiki-Vote.txt,5,1,3,updates,1,1469598103934665603,0,1469598103934665603,0,both,True,True,True
/home/kassym/Downloads/wiki-Vote.txt,5,1,3,updates,2,13773983170948694375,1,13773983170948694375,1,both,True,True,True
/home/kassym/Downloads/wiki-Vote.txt,5,1,3,updates,3,13773983170948694375,1,13773983170948694375,1,both,True,True,True
/home/kassym/Downloads/wiki-Vote.txt,5,1,3,updates,4,1469598103934665603,0,1469598103934665603,0,both,True,True,True
/home/kassym/Downloads/wiki-Vote.txt,5,1,3,updates,5,1469598103934665603,0,1469598103934665603,0,both,True,True,True
/home/kassym/Downloads/wiki-Vote.txt,5,1,3,updates,6,16396997557908414656,3,16396997557908414656,3,both,True,True,True
/home/kassym/Downloads/wiki-Vote.txt,5,1,3,updates,7,1535299018555512484,4,1535299018555512484,4,both,True,True,True
/home/kassym/Downloads/wiki-Vote.txt,5,1,3,updates,8,16396997557908414656,3,16396997557908414656,3,both,True,True,True
/home/kassym/Downloads/wiki-Vote.txt,5,1,3,updates,9,3590981510366327406,5,3590981510366327406,5,both,True,True,True
/home/kassym/Downloads/wiki-Vote.txt,5,1,3,updates,10,1469598103934665603,0,1469598103934665603,0,both,True,True,True
/home/kassym/Downloads/wiki-Vote.txt,5,1,4,initial_load,0,1469598103934665603,0,1469598103934665603,0,both,True,True,True
/home/kassym/Downloads/wiki-Vote.txt,5,1,4,updates,1,1469598103934665603,0,1469598103934665603,0,both,True,True,True
/home/kassym/Downloads/wiki-Vote.txt,5,1,4,updates,2,15946352716050142530,1,15946352716050142530,1,both,True,True,True
/home/kassym/Downloads/wiki-Vote.txt,5,1,4,updates,3,15946352716050142530,1,15946352716050142530,1,both,True,True,True
/home/kassym/Downloads/wiki-Vote.txt,5,1,4,updates,4,1469598103934665603,0,1469598103934665603,0,both,True,True,True
/home/kassym/Downloads/wiki-Vote.txt,5,1,4,updates,5,1469598103934665603,0,1469598103934665603,0,both,True,True,True
/home/kassym/Downloads/wiki-Vote.txt,5,1,4,updates,6,8849625267865729834,3,8849625267865729834,3,both,True,True,True
/home/kassym/Downloads/wiki-Vote.txt,5,1,4,updates,7,5389640224194798985,4,5389640224194798985,4,both,True,True,True
/home/kassym/Downloads/wiki-Vote.txt,5,1,4,updates,8,8849625267865729834,3,8849625267865729834,3,both,True,True,True
/home/kassym/Downloads/wiki-Vote.txt,5,1,4,updates,9,16475536664738241152,5,16475536664738241152,5,both,True,True,True
/home/kassym/Downloads/wiki-Vote.txt,5,1,4,updates,10,1469598103934665603,0,1469598103934665603,0,both,True,True,True
/home/kassym/Downloads/wiki-Vote.txt,5,1,5,initial_load,0,1469598103934665603,0,1469598103934665603,0,both,True,True,True
/home/kassym/Downloads/wiki-Vote.txt,5,1,5,updates,1,1469598103934665603,0,1469598103934665603,0,both,True,True,True
/home/kassym/Downloads/wiki-Vote.txt,5,1,5,updates,2,1448350071278799316,1,1448350071278799316,1,both,True,True,True
/home/kassym/Downloads/wiki-Vote.txt,5,1,5,updates,3,1448350071278799316,1,1448350071278799316,1,both,True,True,True
/home/kassym/Downloads/wiki-Vote.txt,5,1,5,updates,4,1469598103934665603,0,1469598103934665603,0,both,True,True,True
/home/kassym/Downloads/wiki-Vote.txt,5,1,5,updates,5,1469598103934665603,0,1469598103934665603,0,both,True,True,True
/home/kassym/Downloads/wiki-Vote.txt,5,1,5,updates,6,14011530526654006124,3,14011530526654006124,3,both,True,True,True
/home/kassym/Downloads/wiki-Vote.txt,5,1,5,updates,7,7456442249370554355,4,7456442249370554355,4,both,True,True,True
/home/kassym/Downloads/wiki-Vote.txt,5,1,5,updates,8,14011530526654006124,3,14011530526654006124,3,both,True,True,True
/home/kassym/Downloads/wiki-Vote.txt,5,1,5,updates,9,7827645851886787762,5,7827645851886787762,5,both,True,True,True
/home/kassym/Downloads/wiki-Vote.txt,5,1,5,updates,10,1469598103934665603,0,1469598103934665603,0,both,True,True,True
/home/kassym/Downloads/wiki-Vote.txt,5,2,2,initial_load,0,1469598103934665603,0,1469598103934665603,0,both,True,True,True
/home/kassym/Downloads/wiki-Vote.txt,5,2,2,updates,1,1469598103934665603,0,1469598103934665603,0,both,True,True,True
/home/kassym/Downloads/wiki-Vote.txt,5,2,2,updates,2,12490090228723253155,1,12490090228723253155,1,both,True,True,True
/home/kassym/Downloads/wiki-Vote.txt,5,2,2,updates,3,12490090228723253155,1,12490090228723253155,1,both,True,True,True
/home/kassym/Downloads/wiki-Vote.txt,5,2,2,updates,4,1469598103934665603,0,1469598103934665603,0,both,True,True,True
/home/kassym/Downloads/wiki-Vote.txt,5,2,2,updates,5,1469598103934665603,0,1469598103934665603,0,both,True,True,True
/home/kassym/Downloads/wiki-Vote.txt,5,2,2,updates,6,18436696588093222300,1,18436696588093222300,1,both,True,True,True
/home/kassym/Downloads/wiki-Vote.txt,5,2,2,updates,7,4086071938256335604,2,4086071938256335604,2,both,True,True,True
/home/kassym/Downloads/wiki-Vote.txt,5,2,2,updates,8,18436696588093222300,1,18436696588093222300,1,both,True,True,True
/home/kassym/Downloads/wiki-Vote.txt,5,2,2,updates,9,13403347559495515269,2,13403347559495515269,2,both,True,True,True
/home/kassym/Downloads/wiki-Vote.txt,5,2,2,updates,10,1469598103934665603,0,1469598103934665603,0,both,True,True,True
/home/kassym/Downloads/wiki-Vote.txt,5,2,3,initial_load,0,1469598103934665603,0,1469598103934665603,0,both,True,True,True
/home/kassym/Downloads/wiki-Vote.txt,5,2,3,updates,1,1469598103934665603,0,1469598103934665603,0,both,True,True,True
/home/kassym/Downloads/wiki-Vote.txt,5,2,3,updates,2,997293613646650801,1,997293613646650801,1,both,True,True,True
/home/kassym/Downloads/wiki-Vote.txt,5,2,3,updates,3,997293613646650801,1,997293613646650801,1,both,True,True,True
/home/kassym/Downloads/wiki-Vote.txt,5,2,3,updates,4,1469598103934665603,0,1469598103934665603,0,both,True,True,True
/home/kassym/Downloads/wiki-Vote.txt,5,2,3,updates,5,1469598103934665603,0,1469598103934665603,0,both,True,True,True
/home/kassym/Downloads/wiki-Vote.txt,5,2,3,updates,6,13091696959755225845,1,13091696959755225845,1,both,True,True,True
/home/kassym/Downloads/wiki-Vote.txt,5,2,3,updates,7,18388102007580702431,2,18388102007580702431,2,both,True,True,True
/home/kassym/Downloads/wiki-Vote.txt,5,2,3,updates,8,13091696959755225845,1,13091696959755225845,1,both,True,True,True
/home/kassym/Downloads/wiki-Vote.txt,5,2,3,updates,9,11959259350764516515,2,11959259350764516515,2,both,True,True,True
/home/kassym/Downloads/wiki-Vote.txt,5,2,3,updates,10,1469598103934665603,0,1469598103934665603,0,both,True,True,True
/home/kassym/Downloads/wiki-Vote.txt,5,2,4,initial_load,0,1469598103934665603,0,1469598103934665603,0,both,True,True,True
/home/kassym/Downloads/wiki-Vote.txt,5,2,4,updates,1,1469598103934665603,0,1469598103934665603,0,both,True,True,True
/home/kassym/Downloads/wiki-Vote.txt,5,2,4,updates,2,13991930237696369156,1,13991930237696369156,1,both,True,True,True
/home/kassym/Downloads/wiki-Vote.txt,5,2,4,updates,3,13991930237696369156,1,13991930237696369156,1,both,True,True,True
/home/kassym/Downloads/wiki-Vote.txt,5,2,4,updates,4,1469598103934665603,0,1469598103934665603,0,both,True,True,True
/home/kassym/Downloads/wiki-Vote.txt,5,2,4,updates,5,1469598103934665603,0,1469598103934665603,0,both,True,True,True
/home/kassym/Downloads/wiki-Vote.txt,5,2,4,updates,6,16304716956969703053,1,16304716956969703053,1,both,True,True,True
/home/kassym/Downloads/wiki-Vote.txt,5,2,4,updates,7,8853496519248767906,2,8853496519248767906,2,both,True,True,True
/home/kassym/Downloads/wiki-Vote.txt,5,2,4,updates,8,16304716956969703053,1,16304716956969703053,1,both,True,True,True
/home/kassym/Downloads/wiki-Vote.txt,5,2,4,updates,9,1815614098126446795,2,1815614098126446795,2,both,True,True,True
/home/kassym/Downloads/wiki-Vote.txt,5,2,4,updates,10,1469598103934665603,0,1469598103934665603,0,both,True,True,True
/home/kassym/Downloads/wiki-Vote.txt,5,2,5,initial_load,0,1469598103934665603,0,1469598103934665603,0,both,True,True,True
/home/kassym/Downloads/wiki-Vote.txt,5,2,5,updates,1,1469598103934665603,0,1469598103934665603,0,both,True,True,True
/home/kassym/Downloads/wiki-Vote.txt,5,2,5,updates,2,2958079882988854522,1,2958079882988854522,1,both,True,True,True
/home/kassym/Downloads/wiki-Vote.txt,5,2,5,updates,3,2958079882988854522,1,2958079882988854522,1,both,True,True,True
/home/kassym/Downloads/wiki-Vote.txt,5,2,5,updates,4,1469598103934665603,0,1469598103934665603,0,both,True,True,True
/home/kassym/Downloads/wiki-Vote.txt,5,2,5,updates,5,1469598103934665603,0,1469598103934665603,0,both,True,True,True
/home/kassym/Downloads/wiki-Vote.txt,5,2,5,updates,6,18225336556118739905,1,18225336556118739905,1,both,True,True,True
/home/kassym/Downloads/wiki-Vote.txt,5,2,5,updates,7,8756451314333330496,2,8756451314333330496,2,both,True,True,True
/home/kassym/Downloads/wiki-Vote.txt,5,2,5,updates,8,18225336556118739905,1,18225336556118739905,1,both,True,True,True
/home/kassym/Downloads/wiki-Vote.txt,5,2,5,updates,9,4460622439128054323,2,4460622439128054323,2,both,True,True,True
/home/kassym/Downloads/wiki-Vote.txt,5,2,5,updates,10,1469598103934665603,0,1469598103934665603,0,both,True,True,True
/home/kassym/Downloads/wiki-Vote.txt,5,2,6,initial_load,0,1469598103934665603,0,1469598103934665603,0,both,True,True,True
/home/kassym/Downloads/wiki-Vote.txt,5,2,6,updates,1,1469598103934665603,0,1469598103934665603,0,both,True,True,True
/home/kassym/Downloads/wiki-Vote.txt,5,2,6,updates,2,2956023473248672231,1,2956023473248672231,1,both,True,True,True
/home/kassym/Downloads/wiki-Vote.txt,5,2,6,updates,3,2956023473248672231,1,2956023473248672231,1,both,True,True,True
/home/kassym/Downloads/wiki-Vote.txt,5,2,6,updates,4,1469598103934665603,0,1469598103934665603,0,both,True,True,True
/home/kassym/Downloads/wiki-Vote.txt,5,2,6,updates,5,1469598103934665603,0,1469598103934665603,0,both,True,True,True
/home/kassym/Downloads/wiki-Vote.txt,5,2,6,updates,6,414358151584354168,2,414358151584354168,2,both,True,True,True
/home/kassym/Downloads/wiki-Vote.txt,5,2,6,updates,7,10399033018694591256,3,10399033018694591256,3,both,True,True,True
/home/kassym/Downloads/wiki-Vote.txt,5,2,6,updates,8,414358151584354168,2,414358151584354168,2,both,True,True,True
/home/kassym/Downloads/wiki-Vote.txt,5,2,6,updates,9,12644654391309945701,4,12644654391309945701,4,both,True,True,True
/home/kassym/Downloads/wiki-Vote.txt,5,2,6,updates,10,1469598103934665603,0,1469598103934665603,0,both,True,True,True
/home/kassym/Downloads/wiki-Vote.txt,5,3,3,initial_load,0,1469598103934665603,0,1469598103934665603,0,both,True,True,True
/home/kassym/Downloads/wiki-Vote.txt,5,3,3,updates,1,1469598103934665603,0,1469598103934665603,0,both,True,True,True
/home/kassym/Downloads/wiki-Vote.txt,5,3,3,updates,2,69164674332017804,1,69164674332017804,1,both,True,True,True
/home/kassym/Downloads/wiki-Vote.txt,5,3,3,updates,3,69164674332017804,1,69164674332017804,1,both,True,True,True
/home/kassym/Downloads/wiki-Vote.txt,5,3,3,updates,4,1469598103934665603,0,1469598103934665603,0,both,True,True,True
/home/kassym/Downloads/wiki-Vote.txt,5,3,3,updates,5,1469598103934665603,0,1469598103934665603,0,both,True,True,True
/home/kassym/Downloads/wiki-Vote.txt,5,3,3,updates,6,5841531327726789690,1,5841531327726789690,1,both,True,True,True
/home/kassym/Downloads/wiki-Vote.txt,5,3,3,updates,7,11230083370065562431,2,11230083370065562431,2,both,True,True,True
/home/kassym/Downloads/wiki-Vote.txt,5,3,3,updates,8,5841531327726789690,1,5841531327726789690,1,both,True,True,True
/home/kassym/Downloads/wiki-Vote.txt,5,3,3,updates,9,5841518133587251158,1,5841518133587251158,1,both,True,True,True
/home/kassym/Downloads/wiki-Vote.txt,5,3,3,updates,10,1469598103934665603,0,1469598103934665603,0,both,True,True,True
/home/kassym/Downloads/wiki-Vote.txt,5,3,4,initial_load,0,1469598103934665603,0,1469598103934665603,0,both,True,True,True
/home/kassym/Downloads/wiki-Vote.txt,5,3,4,updates,1,1469598103934665603,0,1469598103934665603,0,both,True,True,True
/home/kassym/Downloads/wiki-Vote.txt,5,3,4,updates,2,4609041561119334543,1,4609041561119334543,1,both,True,True,True
/home/kassym/Downloads/wiki-Vote.txt,5,3,4,updates,3,4609041561119334543,1,4609041561119334543,1,both,True,True,True
/home/kassym/Downloads/wiki-Vote.txt,5,3,4,updates,4,1469598103934665603,0,1469598103934665603,0,both,True,True,True
/home/kassym/Downloads/wiki-Vote.txt,5,3,4,updates,5,1469598103934665603,0,1469598103934665603,0,both,True,True,True
/home/kassym/Downloads/wiki-Vote.txt,5,3,4,updates,6,8826126103567010024,1,8826126103567010024,1,both,True,True,True
/home/kassym/Downloads/wiki-Vote.txt,5,3,4,updates,7,7156253506371659804,2,7156253506371659804,2,both,True,True,True
/home/kassym/Downloads/wiki-Vote.txt,5,3,4,updates,8,8826126103567010024,1,8826126103567010024,1,both,True,True,True
/home/kassym/Downloads/wiki-Vote.txt,5,3,4,updates,9,8826121705520497180,1,8826121705520497180,1,both,True,True,True
/home/kassym/Downloads/wiki-Vote.txt,5,3,4,updates,10,1469598103934665603,0,1469598103934665603,0,both,True,True,True
/home/kassym/Downloads/wiki-Vote.txt,5,3,5,initial_load,0,1469598103934665603,0,1469598103934665603,0,both,True,True,True
/home/kassym/Downloads/wiki-Vote.txt,5,3,5,updates,1,1469598103934665603,0,1469598103934665603,0,both,True,True,True
/home/kassym/Downloads/wiki-Vote.txt,5,3,5,updates,2,17885148905622259731,1,17885148905622259731,1,both,True,True,True
/home/kassym/Downloads/wiki-Vote.txt,5,3,5,updates,3,17885148905622259731,1,17885148905622259731,1,both,True,True,True
/home/kassym/Downloads/wiki-Vote.txt,5,3,5,updates,4,1469598103934665603,0,1469598103934665603,0,both,True,True,True
/home/kassym/Downloads/wiki-Vote.txt,5,3,5,updates,5,1469598103934665603,0,1469598103934665603,0,both,True,True,True
/home/kassym/Downloads/wiki-Vote.txt,5,3,5,updates,6,417755447031876030,1,417755447031876030,1,both,True,True,True
/home/kassym/Downloads/wiki-Vote.txt,5,3,5,updates,7,11123195396648165358,2,11123195396648165358,2,both,True,True,True
/home/kassym/Downloads/wiki-Vote.txt,5,3,5,updates,8,417755447031876030,1,417755447031876030,1,both,True,True,True
/home/kassym/Downloads/wiki-Vote.txt,5,3,5,updates,9,417751048985363186,1,417751048985363186,1,both,True,True,True
/home/kassym/Downloads/wiki-Vote.txt,5,3,5,updates,10,1469598103934665603,0,1469598103934665603,0,both,True,True,True
/home/kassym/Downloads/wiki-Vote.txt,5,3,6,initial_load,0,1469598103934665603,0,1469598103934665603,0,both,True,True,True
/home/kassym/Downloads/wiki-Vote.txt,5,3,6,updates,1,1469598103934665603,0,1469598103934665603,0,both,True,True,True
/home/kassym/Downloads/wiki-Vote.txt,5,3,6,updates,2,11746256292050340780,1,11746256292050340780,1,both,True,True,True
/home/kassym/Downloads/wiki-Vote.txt,5,3,6,updates,3,11746256292050340780,1,11746256292050340780,1,both,True,True,True
/home/kassym/Downloads/wiki-Vote.txt,5,3,6,updates,4,1469598103934665603,0,1469598103934665603,0,both,True,True,True
/home/kassym/Downloads/wiki-Vote.txt,5,3,6,updates,5,1469598103934665603,0,1469598103934665603,0,both,True,True,True
/home/kassym/Downloads/wiki-Vote.txt,5,3,6,updates,6,11493086550567856424,2,11493086550567856424,2,both,True,True,True
/home/kassym/Downloads/wiki-Vote.txt,5,3,6,updates,7,10761335218199102823,3,10761335218199102823,3,both,True,True,True
/home/kassym/Downloads/wiki-Vote.txt,5,3,6,updates,8,11493086550567856424,2,11493086550567856424,2,both,True,True,True
/home/kassym/Downloads/wiki-Vote.txt,5,3,6,updates,9,3879747937732053456,2,3879747937732053456,2,both,True,True,True
/home/kassym/Downloads/wiki-Vote.txt,5,3,6,updates,10,1469598103934665603,0,1469598103934665603,0,both,True,True,True
/home/kassym/Downloads/wiki-Vote.txt,5,4,4,initial_load,0,1469598103934665603,0,1469598103934665603,0,both,True,True,True
/home/kassym/Downloads/wiki-Vote.txt,5,4,4,updates,1,1469598103934665603,0,1469598103934665603,0,both,True,True,True
/home/kassym/Downloads/wiki-Vote.txt,5,4,4,updates,2,3839985981777163591,1,3839985981777163591,1,both,True,True,True
/home/kassym/Downloads/wiki-Vote.txt,5,4,4,updates,3,3839985981777163591,1,3839985981777163591,1,both,True,True,True
/home/kassym/Downloads/wiki-Vote.txt,5,4,4,updates,4,1469598103934665603,0,1469598103934665603,0,both,True,True,True
/home/kassym/Downloads/wiki-Vote.txt,5,4,4,updates,5,1469598103934665603,0,1469598103934665603,0,both,True,True,True
/home/kassym/Downloads/wiki-Vote.txt,5,4,4,updates,6,11720406569038775505,1,11720406569038775505,1,both,True,True,True
/home/kassym/Downloads/wiki-Vote.txt,5,4,4,updates,7,14114997468946036829,2,14114997468946036829,2,both,True,True,True
/home/kassym/Downloads/wiki-Vote.txt,5,4,4,updates,8,11720406569038775505,1,11720406569038775505,1,both,True,True,True
/home/kassym/Downloads/wiki-Vote.txt,5,4,4,updates,9,11720402170992262661,1,11720402170992262661,1,both,True,True,True
/home/kassym/Downloads/wiki-Vote.txt,5,4,4,updates,10,1469598103934665603,0,1469598103934665603,0,both,True,True,True
/home/kassym/Downloads/wiki-Vote.txt,5,4,5,initial_load,0,1469598103934665603,0,1469598103934665603,0,both,True,True,True
/home/kassym/Downloads/wiki-Vote.txt,5,4,5,updates,1,1469598103934665603,0,1469598103934665603,0,both,True,True,True
/home/kassym/Downloads/wiki-Vote.txt,5,4,5,updates,2,3261868361389347819,1,3261868361389347819,1,both,True,True,True
/home/kassym/Downloads/wiki-Vote.txt,5,4,5,updates,3,3261868361389347819,1,3261868361389347819,1,both,True,True,True
/home/kassym/Downloads/wiki-Vote.txt,5,4,5,updates,4,1469598103934665603,0,1469598103934665603,0,both,True,True,True
/home/kassym/Downloads/wiki-Vote.txt,5,4,5,updates,5,1469598103934665603,0,1469598103934665603,0,both,True,True,True
/home/kassym/Downloads/wiki-Vote.txt,5,4,5,updates,6,12104318446828913293,1,12104318446828913293,1,both,True,True,True
/home/kassym/Downloads/wiki-Vote.txt,5,4,5,updates,7,8044579817371334869,2,8044579817371334869,2,both,True,True,True
/home/kassym/Downloads/wiki-Vote.txt,5,4,5,updates,8,12104318446828913293,1,12104318446828913293,1,both,True,True,True
/home/kassym/Downloads/wiki-Vote.txt,5,4,5,updates,9,12104305252689374761,1,12104305252689374761,1,both,True,True,True
/home/kassym/Downloads/wiki-Vote.txt,5,4,5,updates,10,1469598103934665603,0,1469598103934665603,0,both,True,True,True
/home/kassym/Downloads/wiki-Vote.txt,5,4,6,initial_load,0,1469598103934665603,0,1469598103934665603,0,both,True,True,True
/home/kassym/Downloads/wiki-Vote.txt,5,4,6,updates,1,1469598103934665603,0,1469598103934665603,0,both,True,True,True
/home/kassym/Downloads/wiki-Vote.txt,5,4,6,updates,2,8912321711577533748,1,8912321711577533748,1,both,True,True,True
/home/kassym/Downloads/wiki-Vote.txt,5,4,6,updates,3,8912321711577533748,1,8912321711577533748,1,both,True,True,True
/home/kassym/Downloads/wiki-Vote.txt,5,4,6,updates,4,1469598103934665603,0,1469598103934665603,0,both,True,True,True
/home/kassym/Downloads/wiki-Vote.txt,5,4,6,updates,5,1469598103934665603,0,1469598103934665603,0,both,True,True,True
/home/kassym/Downloads/wiki-Vote.txt,5,4,6,updates,6,7341013169193076712,2,7341013169193076712,2,both,True,True,True
/home/kassym/Downloads/wiki-Vote.txt,5,4,6,updates,7,12597753627054329883,3,12597753627054329883,3,both,True,True,True
/home/kassym/Downloads/wiki-Vote.txt,5,4,6,updates,8,7341013169193076712,2,7341013169193076712,2,both,True,True,True
/home/kassym/Downloads/wiki-Vote.txt,5,4,6,updates,9,12926912671277605848,2,12926912671277605848,2,both,True,True,True
/home/kassym/Downloads/wiki-Vote.txt,5,4,6,updates,10,1469598103934665603,0,1469598103934665603,0,both,True,True,True
/home/kassym/Downloads/wiki-Vote.txt,5,5,5,initial_load,0,1469598103934665603,0,1469598103934665603,0,both,True,True,True
/home/kassym/Downloads/wiki-Vote.txt,5,5,5,updates,1,1469598103934665603,0,1469598103934665603,0,both,True,True,True
/home/kassym/Downloads/wiki-Vote.txt,5,5,5,updates,2,4370404684731235034,1,4370404684731235034,1,both,True,True,True
/home/kassym/Downloads/wiki-Vote.txt,5,5,5,updates,3,4370404684731235034,1,4370404684731235034,1,both,True,True,True
/home/kassym/Downloads/wiki-Vote.txt,5,5,5,updates,4,1469598103934665603,0,1469598103934665603,0,both,True,True,True
/home/kassym/Downloads/wiki-Vote.txt,5,5,5,updates,5,1469598103934665603,0,1469598103934665603,0,both,True,True,True
/home/kassym/Downloads/wiki-Vote.txt,5,5,5,updates,6,3468693621408695021,1,3468693621408695021,1,both,True,True,True
/home/kassym/Downloads/wiki-Vote.txt,5,5,5,updates,7,14766417715756674154,2,14766417715756674154,2,both,True,True,True
/home/kassym/Downloads/wiki-Vote.txt,5,5,5,updates,8,3468693621408695021,1,3468693621408695021,1,both,True,True,True
/home/kassym/Downloads/wiki-Vote.txt,5,5,5,updates,9,3468680427269156489,1,3468680427269156489,1,both,True,True,True
/home/kassym/Downloads/wiki-Vote.txt,5,5,5,updates,10,1469598103934665603,0,1469598103934665603,0,both,True,True,True
/home/kassym/Downloads/wiki-Vote.txt,5,5,6,initial_load,0,1469598103934665603,0,1469598103934665603,0,both,True,True,True
/home/kassym/Downloads/wiki-Vote.txt,5,5,6,updates,1,1469598103934665603,0,1469598103934665603,0,both,True,True,True
/home/kassym/Downloads/wiki-Vote.txt,5,5,6,updates,2,3536836538204403143,1,3536836538204403143,1,both,True,True,True
/home/kassym/Downloads/wiki-Vote.txt,5,5,6,updates,3,3536836538204403143,1,3536836538204403143,1,both,True,True,True
/home/kassym/Downloads/wiki-Vote.txt,5,5,6,updates,4,1469598103934665603,0,1469598103934665603,0,both,True,True,True
/home/kassym/Downloads/wiki-Vote.txt,5,5,6,updates,5,1469598103934665603,0,1469598103934665603,0,both,True,True,True
/home/kassym/Downloads/wiki-Vote.txt,5,5,6,updates,6,14104849596364665256,2,14104849596364665256,2,both,True,True,True
/home/kassym/Downloads/wiki-Vote.txt,5,5,6,updates,7,8654065492310010772,3,8654065492310010772,3,both,True,True,True
/home/kassym/Downloads/wiki-Vote.txt,5,5,6,updates,8,14104849596364665256,2,14104849596364665256,2,both,True,True,True
/home/kassym/Downloads/wiki-Vote.txt,5,5,6,updates,9,5165071418299158996,2,5165071418299158996,2,both,True,True,True
/home/kassym/Downloads/wiki-Vote.txt,5,5,6,updates,10,1469598103934665603,0,1469598103934665603,0,both,True,True,True
/home/kassym/Downloads/wiki-Vote.txt,5,6,6,initial_load,0,1469598103934665603,0,1469598103934665603,0,both,True,True,True
/home/kassym/Downloads/wiki-Vote.txt,5,6,6,updates,1,1469598103934665603,0,1469598103934665603,0,both,True,True,True
/home/kassym/Downloads/wiki-Vote.txt,5,6,6,updates,2,17724861189034904605,1,17724861189034904605,1,both,True,True,True
/home/kassym/Downloads/wiki-Vote.txt,5,6,6,updates,3,17724861189034904605,1,17724861189034904605,1,both,True,True,True
/home/kassym/Downloads/wiki-Vote.txt,5,6,6,updates,4,1469598103934665603,0,1469598103934665603,0,both,True,True,True
/home/kassym/Downloads/wiki-Vote.txt,5,6,6,updates,5,1469598103934665603,0,1469598103934665603,0,both,True,True,True
/home/kassym/Downloads/wiki-Vote.txt,5,6,6,updates,6,3653912693580622872,2,3653912693580622872,2,both,True,True,True
/home/kassym/Downloads/wiki-Vote.txt,5,6,6,updates,7,1577444719580689722,3,1577444719580689722,3,both,True,True,True
/home/kassym/Downloads/wiki-Vote.txt,5,6,6,updates,8,3653912693580622872,2,3653912693580622872,2,both,True,True,True
/home/kassym/Downloads/wiki-Vote.txt,5,6,6,updates,9,18213496059965037128,2,18213496059965037128,2,both,True,True,True
/home/kassym/Downloads/wiki-Vote.txt,5,6,6,updates,10,1469598103934665603,0,1469598103934665603,0,both,True,True,True
/home/kassym/Downloads/wiki-Vote.txt,6,1,1,initial_load,0,1469598103934665603,0,1469598103934665603,0,both,True,True,True
/home/kassym/Downloads/wiki-Vote.txt,6,1,1,updates,1,1469598103934665603,0,1469598103934665603,0,both,True,True,True
/home/kassym/Downloads/wiki-Vote.txt,6,1,1,updates,2,1469598103934665603,0,1469598103934665603,0,both,True,True,True
/home/kassym/Downloads/wiki-Vote.txt,6,1,1,updates,3,1469598103934665603,0,1469598103934665603,0,both,True,True,True
/home/kassym/Downloads/wiki-Vote.txt,6,1,1,updates,4,1469598103934665603,0,1469598103934665603,0,both,True,True,True
/home/kassym/Downloads/wiki-Vote.txt,6,1,1,updates,5,1469598103934665603,0,1469598103934665603,0,both,True,True,True
/home/kassym/Downloads/wiki-Vote.txt,6,1,1,updates,6,1469598103934665603,0,1469598103934665603,0,both,True,True,True
/home/kassym/Downloads/wiki-Vote.txt,6,1,1,updates,7,1469598103934665603,0,1469598103934665603,0,both,True,True,True
/home/kassym/Downloads/wiki-Vote.txt,6,1,1,updates,8,1469598103934665603,0,1469598103934665603,0,both,True,True,True
/home/kassym/Downloads/wiki-Vote.txt,6,1,1,updates,9,1469598103934665603,0,1469598103934665603,0,both,True,True,True
/home/kassym/Downloads/wiki-Vote.txt,6,1,1,updates,10,1469598103934665603,0,1469598103934665603,0,both,True,True,True
/home/kassym/Downloads/wiki-Vote.txt,6,1,2,initial_load,0,1469598103934665603,0,1469598103934665603,0,both,True,True,True
/home/kassym/Downloads/wiki-Vote.txt,6,1,2,updates,1,1469598103934665603,0,1469598103934665603,0,both,True,True,True
/home/kassym/Downloads/wiki-Vote.txt,6,1,2,updates,2,1469598103934665603,0,1469598103934665603,0,both,True,True,True
/home/kassym/Downloads/wiki-Vote.txt,6,1,2,updates,3,1469598103934665603,0,1469598103934665603,0,both,True,True,True
/home/kassym/Downloads/wiki-Vote.txt,6,1,2,updates,4,1469598103934665603,0,1469598103934665603,0,both,True,True,True
/home/kassym/Downloads/wiki-Vote.txt,6,1,2,updates,5,1469598103934665603,0,1469598103934665603,0,both,True,True,True
/home/kassym/Downloads/wiki-Vote.txt,6,1,2,updates,6,1469598103934665603,0,1469598103934665603,0,both,True,True,True
/home/kassym/Downloads/wiki-Vote.txt,6,1,2,updates,7,1469598103934665603,0,1469598103934665603,0,both,True,True,True
/home/kassym/Downloads/wiki-Vote.txt,6,1,2,updates,8,1469598103934665603,0,1469598103934665603,0,both,True,True,True
/home/kassym/Downloads/wiki-Vote.txt,6,1,2,updates,9,1469598103934665603,0,1469598103934665603,0,both,True,True,True
/home/kassym/Downloads/wiki-Vote.txt,6,1,2,updates,10,1469598103934665603,0,1469598103934665603,0,both,True,True,True
/home/kassym/Downloads/wiki-Vote.txt,6,1,3,initial_load,0,1469598103934665603,0,1469598103934665603,0,both,True,True,True
/home/kassym/Downloads/wiki-Vote.txt,6,1,3,updates,1,1469598103934665603,0,1469598103934665603,0,both,True,True,True
/home/kassym/Downloads/wiki-Vote.txt,6,1,3,updates,2,1469598103934665603,0,1469598103934665603,0,both,True,True,True
/home/kassym/Downloads/wiki-Vote.txt,6,1,3,updates,3,1469598103934665603,0,1469598103934665603,0,both,True,True,True
/home/kassym/Downloads/wiki-Vote.txt,6,1,3,updates,4,1469598103934665603,0,1469598103934665603,0,both,True,True,True
/home/kassym/Downloads/wiki-Vote.txt,6,1,3,updates,5,1469598103934665603,0,1469598103934665603,0,both,True,True,True
/home/kassym/Downloads/wiki-Vote.txt,6,1,3,updates,6,1469598103934665603,0,1469598103934665603,0,both,True,True,True
/home/kassym/Downloads/wiki-Vote.txt,6,1,3,updates,7,1469598103934665603,0,1469598103934665603,0,both,True,True,True
/home/kassym/Downloads/wiki-Vote.txt,6,1,3,updates,8,1469598103934665603,0,1469598103934665603,0,both,True,True,True
/home/kassym/Downloads/wiki-Vote.txt,6,1,3,updates,9,1469598103934665603,0,1469598103934665603,0,both,True,True,True
/home/kassym/Downloads/wiki-Vote.txt,6,1,3,updates,10,1469598103934665603,0,1469598103934665603,0,both,True,True,True
/home/kassym/Downloads/wiki-Vote.txt,6,1,4,initial_load,0,1469598103934665603,0,1469598103934665603,0,both,True,True,True
/home/kassym/Downloads/wiki-Vote.txt,6,1,4,updates,1,1469598103934665603,0,1469598103934665603,0,both,True,True,True
/home/kassym/Downloads/wiki-Vote.txt,6,1,4,updates,2,1469598103934665603,0,1469598103934665603,0,both,True,True,True
/home/kassym/Downloads/wiki-Vote.txt,6,1,4,updates,3,1469598103934665603,0,1469598103934665603,0,both,True,True,True
/home/kassym/Downloads/wiki-Vote.txt,6,1,4,updates,4,1469598103934665603,0,1469598103934665603,0,both,True,True,True
/home/kassym/Downloads/wiki-Vote.txt,6,1,4,updates,5,1469598103934665603,0,1469598103934665603,0,both,True,True,True
/home/kassym/Downloads/wiki-Vote.txt,6,1,4,updates,6,1469598103934665603,0,1469598103934665603,0,both,True,True,True
/home/kassym/Downloads/wiki-Vote.txt,6,1,4,updates,7,1469598103934665603,0,1469598103934665603,0,both,True,True,True
/home/kassym/Downloads/wiki-Vote.txt,6,1,4,updates,8,1469598103934665603,0,1469598103934665603,0,both,True,True,True
/home/kassym/Downloads/wiki-Vote.txt,6,1,4,updates,9,1469598103934665603,0,1469598103934665603,0,both,True,True,True
/home/kassym/Downloads/wiki-Vote.txt,6,1,4,updates,10,1469598103934665603,0,1469598103934665603,0,both,True,True,True
/home/kassym/Downloads/wiki-Vote.txt,6,1,5,initial_load,0,1469598103934665603,0,1469598103934665603,0,both,True,True,True
/home/kassym/Downloads/wiki-Vote.txt,6,1,5,updates,1,1469598103934665603,0,1469598103934665603,0,both,True,True,True
/home/kassym/Downloads/wiki-Vote.txt,6,1,5,updates,2,1469598103934665603,0,1469598103934665603,0,both,True,True,True
/home/kassym/Downloads/wiki-Vote.txt,6,1,5,updates,3,1469598103934665603,0,1469598103934665603,0,both,True,True,True
/home/kassym/Downloads/wiki-Vote.txt,6,1,5,updates,4,1469598103934665603,0,1469598103934665603,0,both,True,True,True
/home/kassym/Downloads/wiki-Vote.txt,6,1,5,updates,5,1469598103934665603,0,1469598103934665603,0,both,True,True,True
/home/kassym/Downloads/wiki-Vote.txt,6,1,5,updates,6,1469598103934665603,0,1469598103934665603,0,both,True,True,True
/home/kassym/Downloads/wiki-Vote.txt,6,1,5,updates,7,1469598103934665603,0,1469598103934665603,0,both,True,True,True
/home/kassym/Downloads/wiki-Vote.txt,6,1,5,updates,8,1469598103934665603,0,1469598103934665603,0,both,True,True,True
/home/kassym/Downloads/wiki-Vote.txt,6,1,5,updates,9,1469598103934665603,0,1469598103934665603,0,both,True,True,True
/home/kassym/Downloads/wiki-Vote.txt,6,1,5,updates,10,1469598103934665603,0,1469598103934665603,0,both,True,True,True
/home/kassym/Downloads/wiki-Vote.txt,6,2,2,initial_load,0,1469598103934665603,0,1469598103934665603,0,both,True,True,True
/home/kassym/Downloads/wiki-Vote.txt,6,2,2,updates,1,1469598103934665603,0,1469598103934665603,0,both,True,True,True
/home/kassym/Downloads/wiki-Vote.txt,6,2,2,updates,2,1469598103934665603,0,1469598103934665603,0,both,True,True,True
/home/kassym/Downloads/wiki-Vote.txt,6,2,2,updates,3,1469598103934665603,0,1469598103934665603,0,both,True,True,True
/home/kassym/Downloads/wiki-Vote.txt,6,2,2,updates,4,1469598103934665603,0,1469598103934665603,0,both,True,True,True
/home/kassym/Downloads/wiki-Vote.txt,6,2,2,updates,5,1469598103934665603,0,1469598103934665603,0,both,True,True,True
/home/kassym/Downloads/wiki-Vote.txt,6,2,2,updates,6,1469598103934665603,0,1469598103934665603,0,both,True,True,True
/home/kassym/Downloads/wiki-Vote.txt,6,2,2,updates,7,1469598103934665603,0,1469598103934665603,0,both,True,True,True
/home/kassym/Downloads/wiki-Vote.txt,6,2,2,updates,8,1469598103934665603,0,1469598103934665603,0,both,True,True,True
/home/kassym/Downloads/wiki-Vote.txt,6,2,2,updates,9,1469598103934665603,0,1469598103934665603,0,both,True,True,True
/home/kassym/Downloads/wiki-Vote.txt,6,2,2,updates,10,1469598103934665603,0,1469598103934665603,0,both,True,True,True
/home/kassym/Downloads/wiki-Vote.txt,6,2,3,initial_load,0,1469598103934665603,0,1469598103934665603,0,both,True,True,True
/home/kassym/Downloads/wiki-Vote.txt,6,2,3,updates,1,1469598103934665603,0,1469598103934665603,0,both,True,True,True
/home/kassym/Downloads/wiki-Vote.txt,6,2,3,updates,2,1469598103934665603,0,1469598103934665603,0,both,True,True,True
/home/kassym/Downloads/wiki-Vote.txt,6,2,3,updates,3,1469598103934665603,0,1469598103934665603,0,both,True,True,True
/home/kassym/Downloads/wiki-Vote.txt,6,2,3,updates,4,1469598103934665603,0,1469598103934665603,0,both,True,True,True
/home/kassym/Downloads/wiki-Vote.txt,6,2,3,updates,5,1469598103934665603,0,1469598103934665603,0,both,True,True,True
/home/kassym/Downloads/wiki-Vote.txt,6,2,3,updates,6,1469598103934665603,0,1469598103934665603,0,both,True,True,True
/home/kassym/Downloads/wiki-Vote.txt,6,2,3,updates,7,1469598103934665603,0,1469598103934665603,0,both,True,True,True
/home/kassym/Downloads/wiki-Vote.txt,6,2,3,updates,8,1469598103934665603,0,1469598103934665603,0,both,True,True,True
/home/kassym/Downloads/wiki-Vote.txt,6,2,3,updates,9,1469598103934665603,0,1469598103934665603,0,both,True,True,True
/home/kassym/Downloads/wiki-Vote.txt,6,2,3,updates,10,1469598103934665603,0,1469598103934665603,0,both,True,True,True
/home/kassym/Downloads/wiki-Vote.txt,6,2,4,initial_load,0,1469598103934665603,0,1469598103934665603,0,both,True,True,True
/home/kassym/Downloads/wiki-Vote.txt,6,2,4,updates,1,1469598103934665603,0,1469598103934665603,0,both,True,True,True
/home/kassym/Downloads/wiki-Vote.txt,6,2,4,updates,2,1469598103934665603,0,1469598103934665603,0,both,True,True,True
/home/kassym/Downloads/wiki-Vote.txt,6,2,4,updates,3,1469598103934665603,0,1469598103934665603,0,both,True,True,True
/home/kassym/Downloads/wiki-Vote.txt,6,2,4,updates,4,1469598103934665603,0,1469598103934665603,0,both,True,True,True
/home/kassym/Downloads/wiki-Vote.txt,6,2,4,updates,5,1469598103934665603,0,1469598103934665603,0,both,True,True,True
/home/kassym/Downloads/wiki-Vote.txt,6,2,4,updates,6,1469598103934665603,0,1469598103934665603,0,both,True,True,True
/home/kassym/Downloads/wiki-Vote.txt,6,2,4,updates,7,1469598103934665603,0,1469598103934665603,0,both,True,True,True
/home/kassym/Downloads/wiki-Vote.txt,6,2,4,updates,8,1469598103934665603,0,1469598103934665603,0,both,True,True,True
/home/kassym/Downloads/wiki-Vote.txt,6,2,4,updates,9,1469598103934665603,0,1469598103934665603,0,both,True,True,True
/home/kassym/Downloads/wiki-Vote.txt,6,2,4,updates,10,1469598103934665603,0,1469598103934665603,0,both,True,True,True
/home/kassym/Downloads/wiki-Vote.txt,6,2,5,initial_load,0,1469598103934665603,0,1469598103934665603,0,both,True,True,True
/home/kassym/Downloads/wiki-Vote.txt,6,2,5,updates,1,1469598103934665603,0,1469598103934665603,0,both,True,True,True
/home/kassym/Downloads/wiki-Vote.txt,6,2,5,updates,2,1469598103934665603,0,1469598103934665603,0,both,True,True,True
/home/kassym/Downloads/wiki-Vote.txt,6,2,5,updates,3,1469598103934665603,0,1469598103934665603,0,both,True,True,True
/home/kassym/Downloads/wiki-Vote.txt,6,2,5,updates,4,1469598103934665603,0,1469598103934665603,0,both,True,True,True
/home/kassym/Downloads/wiki-Vote.txt,6,2,5,updates,5,1469598103934665603,0,1469598103934665603,0,both,True,True,True
/home/kassym/Downloads/wiki-Vote.txt,6,2,5,updates,6,1469598103934665603,0,1469598103934665603,0,both,True,True,True
/home/kassym/Downloads/wiki-Vote.txt,6,2,5,updates,7,1469598103934665603,0,1469598103934665603,0,both,True,True,True
/home/kassym/Downloads/wiki-Vote.txt,6,2,5,updates,8,1469598103934665603,0,1469598103934665603,0,both,True,True,True
/home/kassym/Downloads/wiki-Vote.txt,6,2,5,updates,9,1469598103934665603,0,1469598103934665603,0,both,True,True,True
/home/kassym/Downloads/wiki-Vote.txt,6,2,5,updates,10,1469598103934665603,0,1469598103934665603,0,both,True,True,True
/home/kassym/Downloads/wiki-Vote.txt,6,2,6,initial_load,0,1469598103934665603,0,1469598103934665603,0,both,True,True,True
/home/kassym/Downloads/wiki-Vote.txt,6,2,6,updates,1,1469598103934665603,0,1469598103934665603,0,both,True,True,True
/home/kassym/Downloads/wiki-Vote.txt,6,2,6,updates,2,1469598103934665603,0,1469598103934665603,0,both,True,True,True
/home/kassym/Downloads/wiki-Vote.txt,6,2,6,updates,3,1469598103934665603,0,1469598103934665603,0,both,True,True,True
/home/kassym/Downloads/wiki-Vote.txt,6,2,6,updates,4,1469598103934665603,0,1469598103934665603,0,both,True,True,True
/home/kassym/Downloads/wiki-Vote.txt,6,2,6,updates,5,1469598103934665603,0,1469598103934665603,0,both,True,True,True
/home/kassym/Downloads/wiki-Vote.txt,6,2,6,updates,6,1469598103934665603,0,1469598103934665603,0,both,True,True,True
/home/kassym/Downloads/wiki-Vote.txt,6,2,6,updates,7,1469598103934665603,0,1469598103934665603,0,both,True,True,True
/home/kassym/Downloads/wiki-Vote.txt,6,2,6,updates,8,1469598103934665603,0,1469598103934665603,0,both,True,True,True
/home/kassym/Downloads/wiki-Vote.txt,6,2,6,updates,9,1469598103934665603,0,1469598103934665603,0,both,True,True,True
/home/kassym/Downloads/wiki-Vote.txt,6,2,6,updates,10,1469598103934665603,0,1469598103934665603,0,both,True,True,True
/home/kassym/Downloads/wiki-Vote.txt,6,3,3,initial_load,0,1469598103934665603,0,1469598103934665603,0,both,True,True,True
/home/kassym/Downloads/wiki-Vote.txt,6,3,3,updates,1,1469598103934665603,0,1469598103934665603,0,both,True,True,True
/home/kassym/Downloads/wiki-Vote.txt,6,3,3,updates,2,1469598103934665603,0,1469598103934665603,0,both,True,True,True
/home/kassym/Downloads/wiki-Vote.txt,6,3,3,updates,3,1469598103934665603,0,1469598103934665603,0,both,True,True,True
/home/kassym/Downloads/wiki-Vote.txt,6,3,3,updates,4,1469598103934665603,0,1469598103934665603,0,both,True,True,True
/home/kassym/Downloads/wiki-Vote.txt,6,3,3,updates,5,1469598103934665603,0,1469598103934665603,0,both,True,True,True
/home/kassym/Downloads/wiki-Vote.txt,6,3,3,updates,6,1469598103934665603,0,1469598103934665603,0,both,True,True,True
/home/kassym/Downloads/wiki-Vote.txt,6,3,3,updates,7,1469598103934665603,0,1469598103934665603,0,both,True,True,True
/home/kassym/Downloads/wiki-Vote.txt,6,3,3,updates,8,1469598103934665603,0,1469598103934665603,0,both,True,True,True
/home/kassym/Downloads/wiki-Vote.txt,6,3,3,updates,9,1469598103934665603,0,1469598103934665603,0,both,True,True,True
/home/kassym/Downloads/wiki-Vote.txt,6,3,3,updates,10,1469598103934665603,0,1469598103934665603,0,both,True,True,True
/home/kassym/Downloads/wiki-Vote.txt,6,3,4,initial_load,0,1469598103934665603,0,1469598103934665603,0,both,True,True,True
/home/kassym/Downloads/wiki-Vote.txt,6,3,4,updates,1,1469598103934665603,0,1469598103934665603,0,both,True,True,True
/home/kassym/Downloads/wiki-Vote.txt,6,3,4,updates,2,1469598103934665603,0,1469598103934665603,0,both,True,True,True
/home/kassym/Downloads/wiki-Vote.txt,6,3,4,updates,3,1469598103934665603,0,1469598103934665603,0,both,True,True,True
/home/kassym/Downloads/wiki-Vote.txt,6,3,4,updates,4,1469598103934665603,0,1469598103934665603,0,both,True,True,True
/home/kassym/Downloads/wiki-Vote.txt,6,3,4,updates,5,1469598103934665603,0,1469598103934665603,0,both,True,True,True
/home/kassym/Downloads/wiki-Vote.txt,6,3,4,updates,6,1469598103934665603,0,1469598103934665603,0,both,True,True,True
/home/kassym/Downloads/wiki-Vote.txt,6,3,4,updates,7,1469598103934665603,0,1469598103934665603,0,both,True,True,True
/home/kassym/Downloads/wiki-Vote.txt,6,3,4,updates,8,1469598103934665603,0,1469598103934665603,0,both,True,True,True
/home/kassym/Downloads/wiki-Vote.txt,6,3,4,updates,9,1469598103934665603,0,1469598103934665603,0,both,True,True,True
/home/kassym/Downloads/wiki-Vote.txt,6,3,4,updates,10,1469598103934665603,0,1469598103934665603,0,both,True,True,True
/home/kassym/Downloads/wiki-Vote.txt,6,3,5,initial_load,0,1469598103934665603,0,1469598103934665603,0,both,True,True,True
/home/kassym/Downloads/wiki-Vote.txt,6,3,5,updates,1,1469598103934665603,0,1469598103934665603,0,both,True,True,True
/home/kassym/Downloads/wiki-Vote.txt,6,3,5,updates,2,1469598103934665603,0,1469598103934665603,0,both,True,True,True
/home/kassym/Downloads/wiki-Vote.txt,6,3,5,updates,3,1469598103934665603,0,1469598103934665603,0,both,True,True,True
/home/kassym/Downloads/wiki-Vote.txt,6,3,5,updates,4,1469598103934665603,0,1469598103934665603,0,both,True,True,True
/home/kassym/Downloads/wiki-Vote.txt,6,3,5,updates,5,1469598103934665603,0,1469598103934665603,0,both,True,True,True
/home/kassym/Downloads/wiki-Vote.txt,6,3,5,updates,6,1469598103934665603,0,1469598103934665603,0,both,True,True,True
/home/kassym/Downloads/wiki-Vote.txt,6,3,5,updates,7,1469598103934665603,0,1469598103934665603,0,both,True,True,True
/home/kassym/Downloads/wiki-Vote.txt,6,3,5,updates,8,1469598103934665603,0,1469598103934665603,0,both,True,True,True
/home/kassym/Downloads/wiki-Vote.txt,6,3,5,updates,9,1469598103934665603,0,1469598103934665603,0,both,True,True,True
/home/kassym/Downloads/wiki-Vote.txt,6,3,5,updates,10,1469598103934665603,0,1469598103934665603,0,both,True,True,True
/home/kassym/Downloads/wiki-Vote.txt,6,3,6,initial_load,0,1469598103934665603,0,1469598103934665603,0,both,True,True,True
/home/kassym/Downloads/wiki-Vote.txt,6,3,6,updates,1,1469598103934665603,0,1469598103934665603,0,both,True,True,True
/home/kassym/Downloads/wiki-Vote.txt,6,3,6,updates,2,1469598103934665603,0,1469598103934665603,0,both,True,True,True
/home/kassym/Downloads/wiki-Vote.txt,6,3,6,updates,3,1469598103934665603,0,1469598103934665603,0,both,True,True,True
/home/kassym/Downloads/wiki-Vote.txt,6,3,6,updates,4,1469598103934665603,0,1469598103934665603,0,both,True,True,True
/home/kassym/Downloads/wiki-Vote.txt,6,3,6,updates,5,1469598103934665603,0,1469598103934665603,0,both,True,True,True
/home/kassym/Downloads/wiki-Vote.txt,6,3,6,updates,6,1469598103934665603,0,1469598103934665603,0,both,True,True,True
/home/kassym/Downloads/wiki-Vote.txt,6,3,6,updates,7,1469598103934665603,0,1469598103934665603,0,both,True,True,True
/home/kassym/Downloads/wiki-Vote.txt,6,3,6,updates,8,1469598103934665603,0,1469598103934665603,0,both,True,True,True
/home/kassym/Downloads/wiki-Vote.txt,6,3,6,updates,9,1469598103934665603,0,1469598103934665603,0,both,True,True,True
/home/kassym/Downloads/wiki-Vote.txt,6,3,6,updates,10,1469598103934665603,0,1469598103934665603,0,both,True,True,True
/home/kassym/Downloads/wiki-Vote.txt,6,3,7,initial_load,0,1469598103934665603,0,1469598103934665603,0,both,True,True,True
/home/kassym/Downloads/wiki-Vote.txt,6,3,7,updates,1,1469598103934665603,0,1469598103934665603,0,both,True,True,True
/home/kassym/Downloads/wiki-Vote.txt,6,3,7,updates,2,1469598103934665603,0,1469598103934665603,0,both,True,True,True
/home/kassym/Downloads/wiki-Vote.txt,6,3,7,updates,3,1469598103934665603,0,1469598103934665603,0,both,True,True,True
/home/kassym/Downloads/wiki-Vote.txt,6,3,7,updates,4,1469598103934665603,0,1469598103934665603,0,both,True,True,True
/home/kassym/Downloads/wiki-Vote.txt,6,3,7,updates,5,1469598103934665603,0,1469598103934665603,0,both,True,True,True
/home/kassym/Downloads/wiki-Vote.txt,6,3,7,updates,6,1469598103934665603,0,1469598103934665603,0,both,True,True,True
/home/kassym/Downloads/wiki-Vote.txt,6,3,7,updates,7,1469598103934665603,0,1469598103934665603,0,both,True,True,True
/home/kassym/Downloads/wiki-Vote.txt,6,3,7,updates,8,1469598103934665603,0,1469598103934665603,0,both,True,True,True
/home/kassym/Downloads/wiki-Vote.txt,6,3,7,updates,9,1469598103934665603,0,1469598103934665603,0,both,True,True,True
/home/kassym/Downloads/wiki-Vote.txt,6,3,7,updates,10,1469598103934665603,0,1469598103934665603,0,both,True,True,True
/home/kassym/Downloads/wiki-Vote.txt,6,4,4,initial_load,0,1469598103934665603,0,1469598103934665603,0,both,True,True,True
/home/kassym/Downloads/wiki-Vote.txt,6,4,4,updates,1,1469598103934665603,0,1469598103934665603,0,both,True,True,True
/home/kassym/Downloads/wiki-Vote.txt,6,4,4,updates,2,1469598103934665603,0,1469598103934665603,0,both,True,True,True
/home/kassym/Downloads/wiki-Vote.txt,6,4,4,updates,3,1469598103934665603,0,1469598103934665603,0,both,True,True,True
/home/kassym/Downloads/wiki-Vote.txt,6,4,4,updates,4,1469598103934665603,0,1469598103934665603,0,both,True,True,True
/home/kassym/Downloads/wiki-Vote.txt,6,4,4,updates,5,1469598103934665603,0,1469598103934665603,0,both,True,True,True
/home/kassym/Downloads/wiki-Vote.txt,6,4,4,updates,6,1469598103934665603,0,1469598103934665603,0,both,True,True,True
/home/kassym/Downloads/wiki-Vote.txt,6,4,4,updates,7,1469598103934665603,0,1469598103934665603,0,both,True,True,True
/home/kassym/Downloads/wiki-Vote.txt,6,4,4,updates,8,1469598103934665603,0,1469598103934665603,0,both,True,True,True
/home/kassym/Downloads/wiki-Vote.txt,6,4,4,updates,9,1469598103934665603,0,1469598103934665603,0,both,True,True,True
/home/kassym/Downloads/wiki-Vote.txt,6,4,4,updates,10,1469598103934665603,0,1469598103934665603,0,both,True,True,True
/home/kassym/Downloads/wiki-Vote.txt,6,4,5,initial_load,0,1469598103934665603,0,1469598103934665603,0,both,True,True,True
/home/kassym/Downloads/wiki-Vote.txt,6,4,5,updates,1,1469598103934665603,0,1469598103934665603,0,both,True,True,True
/home/kassym/Downloads/wiki-Vote.txt,6,4,5,updates,2,1469598103934665603,0,1469598103934665603,0,both,True,True,True
/home/kassym/Downloads/wiki-Vote.txt,6,4,5,updates,3,1469598103934665603,0,1469598103934665603,0,both,True,True,True
/home/kassym/Downloads/wiki-Vote.txt,6,4,5,updates,4,1469598103934665603,0,1469598103934665603,0,both,True,True,True
/home/kassym/Downloads/wiki-Vote.txt,6,4,5,updates,5,1469598103934665603,0,1469598103934665603,0,both,True,True,True
/home/kassym/Downloads/wiki-Vote.txt,6,4,5,updates,6,1469598103934665603,0,1469598103934665603,0,both,True,True,True
/home/kassym/Downloads/wiki-Vote.txt,6,4,5,updates,7,1469598103934665603,0,1469598103934665603,0,both,True,True,True
/home/kassym/Downloads/wiki-Vote.txt,6,4,5,updates,8,1469598103934665603,0,1469598103934665603,0,both,True,True,True
/home/kassym/Downloads/wiki-Vote.txt,6,4,5,updates,9,1469598103934665603,0,1469598103934665603,0,both,True,True,True
/home/kassym/Downloads/wiki-Vote.txt,6,4,5,updates,10,1469598103934665603,0,1469598103934665603,0,both,True,True,True
/home/kassym/Downloads/wiki-Vote.txt,6,4,6,initial_load,0,1469598103934665603,0,1469598103934665603,0,both,True,True,True
/home/kassym/Downloads/wiki-Vote.txt,6,4,6,updates,1,1469598103934665603,0,1469598103934665603,0,both,True,True,True
/home/kassym/Downloads/wiki-Vote.txt,6,4,6,updates,2,1469598103934665603,0,1469598103934665603,0,both,True,True,True
/home/kassym/Downloads/wiki-Vote.txt,6,4,6,updates,3,1469598103934665603,0,1469598103934665603,0,both,True,True,True
/home/kassym/Downloads/wiki-Vote.txt,6,4,6,updates,4,1469598103934665603,0,1469598103934665603,0,both,True,True,True
/home/kassym/Downloads/wiki-Vote.txt,6,4,6,updates,5,1469598103934665603,0,1469598103934665603,0,both,True,True,True
/home/kassym/Downloads/wiki-Vote.txt,6,4,6,updates,6,1469598103934665603,0,1469598103934665603,0,both,True,True,True
/home/kassym/Downloads/wiki-Vote.txt,6,4,6,updates,7,1469598103934665603,0,1469598103934665603,0,both,True,True,True
/home/kassym/Downloads/wiki-Vote.txt,6,4,6,updates,8,1469598103934665603,0,1469598103934665603,0,both,True,True,True
/home/kassym/Downloads/wiki-Vote.txt,6,4,6,updates,9,1469598103934665603,0,1469598103934665603,0,both,True,True,True
/home/kassym/Downloads/wiki-Vote.txt,6,4,6,updates,10,1469598103934665603,0,1469598103934665603,0,both,True,True,True
/home/kassym/Downloads/wiki-Vote.txt,6,4,7,initial_load,0,1469598103934665603,0,1469598103934665603,0,both,True,True,True
/home/kassym/Downloads/wiki-Vote.txt,6,4,7,updates,1,1469598103934665603,0,1469598103934665603,0,both,True,True,True
/home/kassym/Downloads/wiki-Vote.txt,6,4,7,updates,2,1469598103934665603,0,1469598103934665603,0,both,True,True,True
/home/kassym/Downloads/wiki-Vote.txt,6,4,7,updates,3,1469598103934665603,0,1469598103934665603,0,both,True,True,True
/home/kassym/Downloads/wiki-Vote.txt,6,4,7,updates,4,1469598103934665603,0,1469598103934665603,0,both,True,True,True
/home/kassym/Downloads/wiki-Vote.txt,6,4,7,updates,5,1469598103934665603,0,1469598103934665603,0,both,True,True,True
/home/kassym/Downloads/wiki-Vote.txt,6,4,7,updates,6,1469598103934665603,0,1469598103934665603,0,both,True,True,True
/home/kassym/Downloads/wiki-Vote.txt,6,4,7,updates,7,1469598103934665603,0,1469598103934665603,0,both,True,True,True
/home/kassym/Downloads/wiki-Vote.txt,6,4,7,updates,8,1469598103934665603,0,1469598103934665603,0,both,True,True,True
/home/kassym/Downloads/wiki-Vote.txt,6,4,7,updates,9,1469598103934665603,0,1469598103934665603,0,both,True,True,True
/home/kassym/Downloads/wiki-Vote.txt,6,4,7,updates,10,1469598103934665603,0,1469598103934665603,0,both,True,True,True
/home/kassym/Downloads/wiki-Vote.txt,6,5,5,initial_load,0,1469598103934665603,0,1469598103934665603,0,both,True,True,True
/home/kassym/Downloads/wiki-Vote.txt,6,5,5,updates,1,1469598103934665603,0,1469598103934665603,0,both,True,True,True
/home/kassym/Downloads/wiki-Vote.txt,6,5,5,updates,2,1469598103934665603,0,1469598103934665603,0,both,True,True,True
/home/kassym/Downloads/wiki-Vote.txt,6,5,5,updates,3,1469598103934665603,0,1469598103934665603,0,both,True,True,True
/home/kassym/Downloads/wiki-Vote.txt,6,5,5,updates,4,1469598103934665603,0,1469598103934665603,0,both,True,True,True
/home/kassym/Downloads/wiki-Vote.txt,6,5,5,updates,5,1469598103934665603,0,1469598103934665603,0,both,True,True,True
/home/kassym/Downloads/wiki-Vote.txt,6,5,5,updates,6,1469598103934665603,0,1469598103934665603,0,both,True,True,True
/home/kassym/Downloads/wiki-Vote.txt,6,5,5,updates,7,1469598103934665603,0,1469598103934665603,0,both,True,True,True
/home/kassym/Downloads/wiki-Vote.txt,6,5,5,updates,8,1469598103934665603,0,1469598103934665603,0,both,True,True,True
/home/kassym/Downloads/wiki-Vote.txt,6,5,5,updates,9,1469598103934665603,0,1469598103934665603,0,both,True,True,True
/home/kassym/Downloads/wiki-Vote.txt,6,5,5,updates,10,1469598103934665603,0,1469598103934665603,0,both,True,True,True
/home/kassym/Downloads/wiki-Vote.txt,6,5,6,initial_load,0,1469598103934665603,0,1469598103934665603,0,both,True,True,True
/home/kassym/Downloads/wiki-Vote.txt,6,5,6,updates,1,1469598103934665603,0,1469598103934665603,0,both,True,True,True
/home/kassym/Downloads/wiki-Vote.txt,6,5,6,updates,2,1469598103934665603,0,1469598103934665603,0,both,True,True,True
/home/kassym/Downloads/wiki-Vote.txt,6,5,6,updates,3,1469598103934665603,0,1469598103934665603,0,both,True,True,True
/home/kassym/Downloads/wiki-Vote.txt,6,5,6,updates,4,1469598103934665603,0,1469598103934665603,0,both,True,True,True
/home/kassym/Downloads/wiki-Vote.txt,6,5,6,updates,5,1469598103934665603,0,1469598103934665603,0,both,True,True,True
/home/kassym/Downloads/wiki-Vote.txt,6,5,6,updates,6,1469598103934665603,0,1469598103934665603,0,both,True,True,True
/home/kassym/Downloads/wiki-Vote.txt,6,5,6,updates,7,1469598103934665603,0,1469598103934665603,0,both,True,True,True
/home/kassym/Downloads/wiki-Vote.txt,6,5,6,updates,8,1469598103934665603,0,1469598103934665603,0,both,True,True,True
/home/kassym/Downloads/wiki-Vote.txt,6,5,6,updates,9,1469598103934665603,0,1469598103934665603,0,both,True,True,True
/home/kassym/Downloads/wiki-Vote.txt,6,5,6,updates,10,1469598103934665603,0,1469598103934665603,0,both,True,True,True
/home/kassym/Downloads/wiki-Vote.txt,6,5,7,initial_load,0,1469598103934665603,0,1469598103934665603,0,both,True,True,True
/home/kassym/Downloads/wiki-Vote.txt,6,5,7,updates,1,1469598103934665603,0,1469598103934665603,0,both,True,True,True
/home/kassym/Downloads/wiki-Vote.txt,6,5,7,updates,2,1469598103934665603,0,1469598103934665603,0,both,True,True,True
/home/kassym/Downloads/wiki-Vote.txt,6,5,7,updates,3,1469598103934665603,0,1469598103934665603,0,both,True,True,True
/home/kassym/Downloads/wiki-Vote.txt,6,5,7,updates,4,1469598103934665603,0,1469598103934665603,0,both,True,True,True
/home/kassym/Downloads/wiki-Vote.txt,6,5,7,updates,5,1469598103934665603,0,1469598103934665603,0,both,True,True,True
/home/kassym/Downloads/wiki-Vote.txt,6,5,7,updates,6,1469598103934665603,0,1469598103934665603,0,both,True,True,True
/home/kassym/Downloads/wiki-Vote.txt,6,5,7,updates,7,1469598103934665603,0,1469598103934665603,0,both,True,True,True
/home/kassym/Downloads/wiki-Vote.txt,6,5,7,updates,8,1469598103934665603,0,1469598103934665603,0,both,True,True,True
/home/kassym/Downloads/wiki-Vote.txt,6,5,7,updates,9,1469598103934665603,0,1469598103934665603,0,both,True,True,True
/home/kassym/Downloads/wiki-Vote.txt,6,5,7,updates,10,1469598103934665603,0,1469598103934665603,0,both,True,True,True
/home/kassym/Downloads/wiki-Vote.txt,6,6,6,initial_load,0,1469598103934665603,0,1469598103934665603,0,both,True,True,True
/home/kassym/Downloads/wiki-Vote.txt,6,6,6,updates,1,1469598103934665603,0,1469598103934665603,0,both,True,True,True
/home/kassym/Downloads/wiki-Vote.txt,6,6,6,updates,2,1469598103934665603,0,1469598103934665603,0,both,True,True,True
/home/kassym/Downloads/wiki-Vote.txt,6,6,6,updates,3,1469598103934665603,0,1469598103934665603,0,both,True,True,True
/home/kassym/Downloads/wiki-Vote.txt,6,6,6,updates,4,1469598103934665603,0,1469598103934665603,0,both,True,True,True
/home/kassym/Downloads/wiki-Vote.txt,6,6,6,updates,5,1469598103934665603,0,1469598103934665603,0,both,True,True,True
/home/kassym/Downloads/wiki-Vote.txt,6,6,6,updates,6,1469598103934665603,0,1469598103934665603,0,both,True,True,True
/home/kassym/Downloads/wiki-Vote.txt,6,6,6,updates,7,1469598103934665603,0,1469598103934665603,0,both,True,True,True
/home/kassym/Downloads/wiki-Vote.txt,6,6,6,updates,8,1469598103934665603,0,1469598103934665603,0,both,True,True,True
/home/kassym/Downloads/wiki-Vote.txt,6,6,6,updates,9,1469598103934665603,0,1469598103934665603,0,both,True,True,True
/home/kassym/Downloads/wiki-Vote.txt,6,6,6,updates,10,1469598103934665603,0,1469598103934665603,0,both,True,True,True
/home/kassym/Downloads/wiki-Vote.txt,6,6,7,initial_load,0,1469598103934665603,0,1469598103934665603,0,both,True,True,True
/home/kassym/Downloads/wiki-Vote.txt,6,6,7,updates,1,1469598103934665603,0,1469598103934665603,0,both,True,True,True
/home/kassym/Downloads/wiki-Vote.txt,6,6,7,updates,2,1469598103934665603,0,1469598103934665603,0,both,True,True,True
/home/kassym/Downloads/wiki-Vote.txt,6,6,7,updates,3,1469598103934665603,0,1469598103934665603,0,both,True,True,True
/home/kassym/Downloads/wiki-Vote.txt,6,6,7,updates,4,1469598103934665603,0,1469598103934665603,0,both,True,True,True
/home/kassym/Downloads/wiki-Vote.txt,6,6,7,updates,5,1469598103934665603,0,1469598103934665603,0,both,True,True,True
/home/kassym/Downloads/wiki-Vote.txt,6,6,7,updates,6,1469598103934665603,0,1469598103934665603,0,both,True,True,True
/home/kassym/Downloads/wiki-Vote.txt,6,6,7,updates,7,1469598103934665603,0,1469598103934665603,0,both,True,True,True
/home/kassym/Downloads/wiki-Vote.txt,6,6,7,updates,8,1469598103934665603,0,1469598103934665603,0,both,True,True,True
/home/kassym/Downloads/wiki-Vote.txt,6,6,7,updates,9,1469598103934665603,0,1469598103934665603,0,both,True,True,True
/home/kassym/Downloads/wiki-Vote.txt,6,6,7,updates,10,1469598103934665603,0,1469598103934665603,0,both,True,True,True
/home/kassym/Downloads/wiki-Vote.txt,6,7,7,initial_load,0,1469598103934665603,0,1469598103934665603,0,both,True,True,True
/home/kassym/Downloads/wiki-Vote.txt,6,7,7,updates,1,1469598103934665603,0,1469598103934665603,0,both,True,True,True
/home/kassym/Downloads/wiki-Vote.txt,6,7,7,updates,2,1469598103934665603,0,1469598103934665603,0,both,True,True,True
/home/kassym/Downloads/wiki-Vote.txt,6,7,7,updates,3,1469598103934665603,0,1469598103934665603,0,both,True,True,True
/home/kassym/Downloads/wiki-Vote.txt,6,7,7,updates,4,1469598103934665603,0,1469598103934665603,0,both,True,True,True
/home/kassym/Downloads/wiki-Vote.txt,6,7,7,updates,5,1469598103934665603,0,1469598103934665603,0,both,True,True,True
/home/kassym/Downloads/wiki-Vote.txt,6,7,7,updates,6,1469598103934665603,0,1469598103934665603,0,both,True,True,True
/home/kassym/Downloads/wiki-Vote.txt,6,7,7,updates,7,1469598103934665603,0,1469598103934665603,0,both,True,True,True
/home/kassym/Downloads/wiki-Vote.txt,6,7,7,updates,8,1469598103934665603,0,1469598103934665603,0,both,True,True,True
/home/kassym/Downloads/wiki-Vote.txt,6,7,7,updates,9,1469598103934665603,0,1469598103934665603,0,both,True,True,True
/home/kassym/Downloads/wiki-Vote.txt,6,7,7,updates,10,1469598103934665603,0,1469598103934665603,0,both,True,True,True
